Cycle,Slot,BasePC,Mask,Inst0,Inst1,Inst2,Inst3,PredTarget,PredTaken,PredSlot
5,0,EMPTY,EMPTY,0x0,0x0,0x0,0x0,0x0,false,0
5,1,EMPTY,EMPTY,0x0,0x0,0x0,0x0,0x0,false,0
5,2,EMPTY,EMPTY,0x0,0x0,0x0,0x0,0x0,false,0
5,3,EMPTY,EMPTY,0x0,0x0,0x0,0x0,0x0,false,0
5,4,EMPTY,EMPTY,0x0,0x0,0x0,0x0,0x0,false,0
5,5,EMPTY,EMPTY,0x0,0x0,0x0,0x0,0x0,false,0
5,6,EMPTY,EMPTY,0x0,0x0,0x0,0x0,0x0,false,0
5,7,EMPTY,EMPTY,0x0,0x0,0x0,0x0,0x0,false,0
5,8,EMPTY,EMPTY,0x0,0x0,0x0,0x0,0x0,false,0
5,9,EMPTY,EMPTY,0x0,0x0,0x0,0x0,0x0,false,0
5,10,EMPTY,EMPTY,0x0,0x0,0x0,0x0,0x0,false,0
5,11,EMPTY,EMPTY,0x0,0x0,0x0,0x0,0x0,false,0
5,12,EMPTY,EMPTY,0x0,0x0,0x0,0x0,0x0,false,0
5,13,EMPTY,EMPTY,0x0,0x0,0x0,0x0,0x0,false,0
5,14,EMPTY,EMPTY,0x0,0x0,0x0,0x0,0x0,false,0
5,15,EMPTY,EMPTY,0x0,0x0,0x0,0x0,0x0,false,0
6,0,EMPTY,EMPTY,0x0,0x0,0x0,0x0,0x0,false,0
6,1,EMPTY,EMPTY,0x0,0x0,0x0,0x0,0x0,false,0
6,2,EMPTY,EMPTY,0x0,0x0,0x0,0x0,0x0,false,0
6,3,EMPTY,EMPTY,0x0,0x0,0x0,0x0,0x0,false,0
6,4,EMPTY,EMPTY,0x0,0x0,0x0,0x0,0x0,false,0
6,5,EMPTY,EMPTY,0x0,0x0,0x0,0x0,0x0,false,0
6,6,EMPTY,EMPTY,0x0,0x0,0x0,0x0,0x0,false,0
6,7,EMPTY,EMPTY,0x0,0x0,0x0,0x0,0x0,false,0
6,8,EMPTY,EMPTY,0x0,0x0,0x0,0x0,0x0,false,0
6,9,EMPTY,EMPTY,0x0,0x0,0x0,0x0,0x0,false,0
6,10,EMPTY,EMPTY,0x0,0x0,0x0,0x0,0x0,false,0
6,11,EMPTY,EMPTY,0x0,0x0,0x0,0x0,0x0,false,0
6,12,EMPTY,EMPTY,0x0,0x0,0x0,0x0,0x0,false,0
6,13,EMPTY,EMPTY,0x0,0x0,0x0,0x0,0x0,false,0
6,14,EMPTY,EMPTY,0x0,0x0,0x0,0x0,0x0,false,0
6,15,EMPTY,EMPTY,0x0,0x0,0x0,0x0,0x0,false,0
7,0,EMPTY,EMPTY,0x0,0x0,0x0,0x0,0x0,false,0
7,1,EMPTY,EMPTY,0x0,0x0,0x0,0x0,0x0,false,0
7,2,EMPTY,EMPTY,0x0,0x0,0x0,0x0,0x0,false,0
7,3,EMPTY,EMPTY,0x0,0x0,0x0,0x0,0x0,false,0
7,4,EMPTY,EMPTY,0x0,0x0,0x0,0x0,0x0,false,0
7,5,EMPTY,EMPTY,0x0,0x0,0x0,0x0,0x0,false,0
7,6,EMPTY,EMPTY,0x0,0x0,0x0,0x0,0x0,false,0
7,7,EMPTY,EMPTY,0x0,0x0,0x0,0x0,0x0,false,0
7,8,EMPTY,EMPTY,0x0,0x0,0x0,0x0,0x0,false,0
7,9,EMPTY,EMPTY,0x0,0x0,0x0,0x0,0x0,false,0
7,10,EMPTY,EMPTY,0x0,0x0,0x0,0x0,0x0,false,0
7,11,EMPTY,EMPTY,0x0,0x0,0x0,0x0,0x0,false,0
7,12,EMPTY,EMPTY,0x0,0x0,0x0,0x0,0x0,false,0
7,13,EMPTY,EMPTY,0x0,0x0,0x0,0x0,0x0,false,0
7,14,EMPTY,EMPTY,0x0,0x0,0x0,0x0,0x0,false,0
7,15,EMPTY,EMPTY,0x0,0x0,0x0,0x0,0x0,false,0
8,0,EMPTY,EMPTY,0x0,0x0,0x0,0x0,0x0,false,0
8,1,EMPTY,EMPTY,0x0,0x0,0x0,0x0,0x0,false,0
8,2,EMPTY,EMPTY,0x0,0x0,0x0,0x0,0x0,false,0
8,3,EMPTY,EMPTY,0x0,0x0,0x0,0x0,0x0,false,0
8,4,EMPTY,EMPTY,0x0,0x0,0x0,0x0,0x0,false,0
8,5,EMPTY,EMPTY,0x0,0x0,0x0,0x0,0x0,false,0
8,6,EMPTY,EMPTY,0x0,0x0,0x0,0x0,0x0,false,0
8,7,EMPTY,EMPTY,0x0,0x0,0x0,0x0,0x0,false,0
8,8,EMPTY,EMPTY,0x0,0x0,0x0,0x0,0x0,false,0
8,9,EMPTY,EMPTY,0x0,0x0,0x0,0x0,0x0,false,0
8,10,EMPTY,EMPTY,0x0,0x0,0x0,0x0,0x0,false,0
8,11,EMPTY,EMPTY,0x0,0x0,0x0,0x0,0x0,false,0
8,12,EMPTY,EMPTY,0x0,0x0,0x0,0x0,0x0,false,0
8,13,EMPTY,EMPTY,0x0,0x0,0x0,0x0,0x0,false,0
8,14,EMPTY,EMPTY,0x0,0x0,0x0,0x0,0x0,false,0
8,15,EMPTY,EMPTY,0x0,0x0,0x0,0x0,0x0,false,0
9,0,EMPTY,EMPTY,0x0,0x0,0x0,0x0,0x0,false,0
9,1,EMPTY,EMPTY,0x0,0x0,0x0,0x0,0x0,false,0
9,2,EMPTY,EMPTY,0x0,0x0,0x0,0x0,0x0,false,0
9,3,EMPTY,EMPTY,0x0,0x0,0x0,0x0,0x0,false,0
9,4,EMPTY,EMPTY,0x0,0x0,0x0,0x0,0x0,false,0
9,5,EMPTY,EMPTY,0x0,0x0,0x0,0x0,0x0,false,0
9,6,EMPTY,EMPTY,0x0,0x0,0x0,0x0,0x0,false,0
9,7,EMPTY,EMPTY,0x0,0x0,0x0,0x0,0x0,false,0
9,8,EMPTY,EMPTY,0x0,0x0,0x0,0x0,0x0,false,0
9,9,EMPTY,EMPTY,0x0,0x0,0x0,0x0,0x0,false,0
9,10,EMPTY,EMPTY,0x0,0x0,0x0,0x0,0x0,false,0
9,11,EMPTY,EMPTY,0x0,0x0,0x0,0x0,0x0,false,0
9,12,EMPTY,EMPTY,0x0,0x0,0x0,0x0,0x0,false,0
9,13,EMPTY,EMPTY,0x0,0x0,0x0,0x0,0x0,false,0
9,14,EMPTY,EMPTY,0x0,0x0,0x0,0x0,0x0,false,0
9,15,EMPTY,EMPTY,0x0,0x0,0x0,0x0,0x0,false,0
10,0,EMPTY,EMPTY,0x0,0x0,0x0,0x0,0x0,false,0
10,1,EMPTY,EMPTY,0x0,0x0,0x0,0x0,0x0,false,0
10,2,EMPTY,EMPTY,0x0,0x0,0x0,0x0,0x0,false,0
10,3,EMPTY,EMPTY,0x0,0x0,0x0,0x0,0x0,false,0
10,4,EMPTY,EMPTY,0x0,0x0,0x0,0x0,0x0,false,0
10,5,EMPTY,EMPTY,0x0,0x0,0x0,0x0,0x0,false,0
10,6,EMPTY,EMPTY,0x0,0x0,0x0,0x0,0x0,false,0
10,7,EMPTY,EMPTY,0x0,0x0,0x0,0x0,0x0,false,0
10,8,EMPTY,EMPTY,0x0,0x0,0x0,0x0,0x0,false,0
10,9,EMPTY,EMPTY,0x0,0x0,0x0,0x0,0x0,false,0
10,10,EMPTY,EMPTY,0x0,0x0,0x0,0x0,0x0,false,0
10,11,EMPTY,EMPTY,0x0,0x0,0x0,0x0,0x0,false,0
10,12,EMPTY,EMPTY,0x0,0x0,0x0,0x0,0x0,false,0
10,13,EMPTY,EMPTY,0x0,0x0,0x0,0x0,0x0,false,0
10,14,EMPTY,EMPTY,0x0,0x0,0x0,0x0,0x0,false,0
10,15,EMPTY,EMPTY,0x0,0x0,0x0,0x0,0x0,false,0
11,0,EMPTY,EMPTY,0x0,0x0,0x0,0x0,0x0,false,0
11,1,EMPTY,EMPTY,0x0,0x0,0x0,0x0,0x0,false,0
11,2,EMPTY,EMPTY,0x0,0x0,0x0,0x0,0x0,false,0
11,3,EMPTY,EMPTY,0x0,0x0,0x0,0x0,0x0,false,0
11,4,EMPTY,EMPTY,0x0,0x0,0x0,0x0,0x0,false,0
11,5,EMPTY,EMPTY,0x0,0x0,0x0,0x0,0x0,false,0
11,6,EMPTY,EMPTY,0x0,0x0,0x0,0x0,0x0,false,0
11,7,EMPTY,EMPTY,0x0,0x0,0x0,0x0,0x0,false,0
11,8,EMPTY,EMPTY,0x0,0x0,0x0,0x0,0x0,false,0
11,9,EMPTY,EMPTY,0x0,0x0,0x0,0x0,0x0,false,0
11,10,EMPTY,EMPTY,0x0,0x0,0x0,0x0,0x0,false,0
11,11,EMPTY,EMPTY,0x0,0x0,0x0,0x0,0x0,false,0
11,12,EMPTY,EMPTY,0x0,0x0,0x0,0x0,0x0,false,0
11,13,EMPTY,EMPTY,0x0,0x0,0x0,0x0,0x0,false,0
11,14,EMPTY,EMPTY,0x0,0x0,0x0,0x0,0x0,false,0
11,15,EMPTY,EMPTY,0x0,0x0,0x0,0x0,0x0,false,0
12,0,EMPTY,EMPTY,0x0,0x0,0x0,0x0,0x0,false,0
12,1,EMPTY,EMPTY,0x0,0x0,0x0,0x0,0x0,false,0
12,2,EMPTY,EMPTY,0x0,0x0,0x0,0x0,0x0,false,0
12,3,EMPTY,EMPTY,0x0,0x0,0x0,0x0,0x0,false,0
12,4,EMPTY,EMPTY,0x0,0x0,0x0,0x0,0x0,false,0
12,5,EMPTY,EMPTY,0x0,0x0,0x0,0x0,0x0,false,0
12,6,EMPTY,EMPTY,0x0,0x0,0x0,0x0,0x0,false,0
12,7,EMPTY,EMPTY,0x0,0x0,0x0,0x0,0x0,false,0
12,8,EMPTY,EMPTY,0x0,0x0,0x0,0x0,0x0,false,0
12,9,EMPTY,EMPTY,0x0,0x0,0x0,0x0,0x0,false,0
12,10,EMPTY,EMPTY,0x0,0x0,0x0,0x0,0x0,false,0
12,11,EMPTY,EMPTY,0x0,0x0,0x0,0x0,0x0,false,0
12,12,EMPTY,EMPTY,0x0,0x0,0x0,0x0,0x0,false,0
12,13,EMPTY,EMPTY,0x0,0x0,0x0,0x0,0x0,false,0
12,14,EMPTY,EMPTY,0x0,0x0,0x0,0x0,0x0,false,0
12,15,EMPTY,EMPTY,0x0,0x0,0x0,0x0,0x0,false,0
13,0,EMPTY,EMPTY,0x0,0x0,0x0,0x0,0x0,false,0
13,1,EMPTY,EMPTY,0x0,0x0,0x0,0x0,0x0,false,0
13,2,EMPTY,EMPTY,0x0,0x0,0x0,0x0,0x0,false,0
13,3,EMPTY,EMPTY,0x0,0x0,0x0,0x0,0x0,false,0
13,4,EMPTY,EMPTY,0x0,0x0,0x0,0x0,0x0,false,0
13,5,EMPTY,EMPTY,0x0,0x0,0x0,0x0,0x0,false,0
13,6,EMPTY,EMPTY,0x0,0x0,0x0,0x0,0x0,false,0
13,7,EMPTY,EMPTY,0x0,0x0,0x0,0x0,0x0,false,0
13,8,EMPTY,EMPTY,0x0,0x0,0x0,0x0,0x0,false,0
13,9,EMPTY,EMPTY,0x0,0x0,0x0,0x0,0x0,false,0
13,10,EMPTY,EMPTY,0x0,0x0,0x0,0x0,0x0,false,0
13,11,EMPTY,EMPTY,0x0,0x0,0x0,0x0,0x0,false,0
13,12,EMPTY,EMPTY,0x0,0x0,0x0,0x0,0x0,false,0
13,13,EMPTY,EMPTY,0x0,0x0,0x0,0x0,0x0,false,0
13,14,EMPTY,EMPTY,0x0,0x0,0x0,0x0,0x0,false,0
13,15,EMPTY,EMPTY,0x0,0x0,0x0,0x0,0x0,false,0
14,0,EMPTY,EMPTY,0x0,0x0,0x0,0x0,0x0,false,0
14,1,EMPTY,EMPTY,0x0,0x0,0x0,0x0,0x0,false,0
14,2,EMPTY,EMPTY,0x0,0x0,0x0,0x0,0x0,false,0
14,3,EMPTY,EMPTY,0x0,0x0,0x0,0x0,0x0,false,0
14,4,EMPTY,EMPTY,0x0,0x0,0x0,0x0,0x0,false,0
14,5,EMPTY,EMPTY,0x0,0x0,0x0,0x0,0x0,false,0
14,6,EMPTY,EMPTY,0x0,0x0,0x0,0x0,0x0,false,0
14,7,EMPTY,EMPTY,0x0,0x0,0x0,0x0,0x0,false,0
14,8,EMPTY,EMPTY,0x0,0x0,0x0,0x0,0x0,false,0
14,9,EMPTY,EMPTY,0x0,0x0,0x0,0x0,0x0,false,0
14,10,EMPTY,EMPTY,0x0,0x0,0x0,0x0,0x0,false,0
14,11,EMPTY,EMPTY,0x0,0x0,0x0,0x0,0x0,false,0
14,12,EMPTY,EMPTY,0x0,0x0,0x0,0x0,0x0,false,0
14,13,EMPTY,EMPTY,0x0,0x0,0x0,0x0,0x0,false,0
14,14,EMPTY,EMPTY,0x0,0x0,0x0,0x0,0x0,false,0
14,15,EMPTY,EMPTY,0x0,0x0,0x0,0x0,0x0,false,0
15,0,EMPTY,EMPTY,0x0,0x0,0x0,0x0,0x0,false,0
15,1,EMPTY,EMPTY,0x0,0x0,0x0,0x0,0x0,false,0
15,2,EMPTY,EMPTY,0x0,0x0,0x0,0x0,0x0,false,0
15,3,EMPTY,EMPTY,0x0,0x0,0x0,0x0,0x0,false,0
15,4,EMPTY,EMPTY,0x0,0x0,0x0,0x0,0x0,false,0
15,5,EMPTY,EMPTY,0x0,0x0,0x0,0x0,0x0,false,0
15,6,EMPTY,EMPTY,0x0,0x0,0x0,0x0,0x0,false,0
15,7,EMPTY,EMPTY,0x0,0x0,0x0,0x0,0x0,false,0
15,8,EMPTY,EMPTY,0x0,0x0,0x0,0x0,0x0,false,0
15,9,EMPTY,EMPTY,0x0,0x0,0x0,0x0,0x0,false,0
15,10,EMPTY,EMPTY,0x0,0x0,0x0,0x0,0x0,false,0
15,11,EMPTY,EMPTY,0x0,0x0,0x0,0x0,0x0,false,0
15,12,EMPTY,EMPTY,0x0,0x0,0x0,0x0,0x0,false,0
15,13,EMPTY,EMPTY,0x0,0x0,0x0,0x0,0x0,false,0
15,14,EMPTY,EMPTY,0x0,0x0,0x0,0x0,0x0,false,0
15,15,EMPTY,EMPTY,0x0,0x0,0x0,0x0,0x0,false,0
16,0,EMPTY,EMPTY,0x0,0x0,0x0,0x0,0x0,false,0
16,1,EMPTY,EMPTY,0x0,0x0,0x0,0x0,0x0,false,0
16,2,EMPTY,EMPTY,0x0,0x0,0x0,0x0,0x0,false,0
16,3,EMPTY,EMPTY,0x0,0x0,0x0,0x0,0x0,false,0
16,4,EMPTY,EMPTY,0x0,0x0,0x0,0x0,0x0,false,0
16,5,EMPTY,EMPTY,0x0,0x0,0x0,0x0,0x0,false,0
16,6,EMPTY,EMPTY,0x0,0x0,0x0,0x0,0x0,false,0
16,7,EMPTY,EMPTY,0x0,0x0,0x0,0x0,0x0,false,0
16,8,EMPTY,EMPTY,0x0,0x0,0x0,0x0,0x0,false,0
16,9,EMPTY,EMPTY,0x0,0x0,0x0,0x0,0x0,false,0
16,10,EMPTY,EMPTY,0x0,0x0,0x0,0x0,0x0,false,0
16,11,EMPTY,EMPTY,0x0,0x0,0x0,0x0,0x0,false,0
16,12,EMPTY,EMPTY,0x0,0x0,0x0,0x0,0x0,false,0
16,13,EMPTY,EMPTY,0x0,0x0,0x0,0x0,0x0,false,0
16,14,EMPTY,EMPTY,0x0,0x0,0x0,0x0,0x0,false,0
16,15,EMPTY,EMPTY,0x0,0x0,0x0,0x0,0x0,false,0
17,0,EMPTY,EMPTY,0x0,0x0,0x0,0x0,0x0,false,0
17,1,EMPTY,EMPTY,0x0,0x0,0x0,0x0,0x0,false,0
17,2,EMPTY,EMPTY,0x0,0x0,0x0,0x0,0x0,false,0
17,3,EMPTY,EMPTY,0x0,0x0,0x0,0x0,0x0,false,0
17,4,EMPTY,EMPTY,0x0,0x0,0x0,0x0,0x0,false,0
17,5,EMPTY,EMPTY,0x0,0x0,0x0,0x0,0x0,false,0
17,6,EMPTY,EMPTY,0x0,0x0,0x0,0x0,0x0,false,0
17,7,EMPTY,EMPTY,0x0,0x0,0x0,0x0,0x0,false,0
17,8,EMPTY,EMPTY,0x0,0x0,0x0,0x0,0x0,false,0
17,9,EMPTY,EMPTY,0x0,0x0,0x0,0x0,0x0,false,0
17,10,EMPTY,EMPTY,0x0,0x0,0x0,0x0,0x0,false,0
17,11,EMPTY,EMPTY,0x0,0x0,0x0,0x0,0x0,false,0
17,12,EMPTY,EMPTY,0x0,0x0,0x0,0x0,0x0,false,0
17,13,EMPTY,EMPTY,0x0,0x0,0x0,0x0,0x0,false,0
17,14,EMPTY,EMPTY,0x0,0x0,0x0,0x0,0x0,false,0
17,15,EMPTY,EMPTY,0x0,0x0,0x0,0x0,0x0,false,0
18,0,EMPTY,EMPTY,0x0,0x0,0x0,0x0,0x0,false,0
18,1,EMPTY,EMPTY,0x0,0x0,0x0,0x0,0x0,false,0
18,2,EMPTY,EMPTY,0x0,0x0,0x0,0x0,0x0,false,0
18,3,EMPTY,EMPTY,0x0,0x0,0x0,0x0,0x0,false,0
18,4,EMPTY,EMPTY,0x0,0x0,0x0,0x0,0x0,false,0
18,5,EMPTY,EMPTY,0x0,0x0,0x0,0x0,0x0,false,0
18,6,EMPTY,EMPTY,0x0,0x0,0x0,0x0,0x0,false,0
18,7,EMPTY,EMPTY,0x0,0x0,0x0,0x0,0x0,false,0
18,8,EMPTY,EMPTY,0x0,0x0,0x0,0x0,0x0,false,0
18,9,EMPTY,EMPTY,0x0,0x0,0x0,0x0,0x0,false,0
18,10,EMPTY,EMPTY,0x0,0x0,0x0,0x0,0x0,false,0
18,11,EMPTY,EMPTY,0x0,0x0,0x0,0x0,0x0,false,0
18,12,EMPTY,EMPTY,0x0,0x0,0x0,0x0,0x0,false,0
18,13,EMPTY,EMPTY,0x0,0x0,0x0,0x0,0x0,false,0
18,14,EMPTY,EMPTY,0x0,0x0,0x0,0x0,0x0,false,0
18,15,EMPTY,EMPTY,0x0,0x0,0x0,0x0,0x0,false,0
19,0,EMPTY,EMPTY,0x0,0x0,0x0,0x0,0x0,false,0
19,1,EMPTY,EMPTY,0x0,0x0,0x0,0x0,0x0,false,0
19,2,EMPTY,EMPTY,0x0,0x0,0x0,0x0,0x0,false,0
19,3,EMPTY,EMPTY,0x0,0x0,0x0,0x0,0x0,false,0
19,4,EMPTY,EMPTY,0x0,0x0,0x0,0x0,0x0,false,0
19,5,EMPTY,EMPTY,0x0,0x0,0x0,0x0,0x0,false,0
19,6,EMPTY,EMPTY,0x0,0x0,0x0,0x0,0x0,false,0
19,7,EMPTY,EMPTY,0x0,0x0,0x0,0x0,0x0,false,0
19,8,EMPTY,EMPTY,0x0,0x0,0x0,0x0,0x0,false,0
19,9,EMPTY,EMPTY,0x0,0x0,0x0,0x0,0x0,false,0
19,10,EMPTY,EMPTY,0x0,0x0,0x0,0x0,0x0,false,0
19,11,EMPTY,EMPTY,0x0,0x0,0x0,0x0,0x0,false,0
19,12,EMPTY,EMPTY,0x0,0x0,0x0,0x0,0x0,false,0
19,13,EMPTY,EMPTY,0x0,0x0,0x0,0x0,0x0,false,0
19,14,EMPTY,EMPTY,0x0,0x0,0x0,0x0,0x0,false,0
19,15,EMPTY,EMPTY,0x0,0x0,0x0,0x0,0x0,false,0
20,0,EMPTY,EMPTY,0x0,0x0,0x0,0x0,0x0,false,0
20,1,EMPTY,EMPTY,0x0,0x0,0x0,0x0,0x0,false,0
20,2,EMPTY,EMPTY,0x0,0x0,0x0,0x0,0x0,false,0
20,3,EMPTY,EMPTY,0x0,0x0,0x0,0x0,0x0,false,0
20,4,EMPTY,EMPTY,0x0,0x0,0x0,0x0,0x0,false,0
20,5,EMPTY,EMPTY,0x0,0x0,0x0,0x0,0x0,false,0
20,6,EMPTY,EMPTY,0x0,0x0,0x0,0x0,0x0,false,0
20,7,EMPTY,EMPTY,0x0,0x0,0x0,0x0,0x0,false,0
20,8,EMPTY,EMPTY,0x0,0x0,0x0,0x0,0x0,false,0
20,9,EMPTY,EMPTY,0x0,0x0,0x0,0x0,0x0,false,0
20,10,EMPTY,EMPTY,0x0,0x0,0x0,0x0,0x0,false,0
20,11,EMPTY,EMPTY,0x0,0x0,0x0,0x0,0x0,false,0
20,12,EMPTY,EMPTY,0x0,0x0,0x0,0x0,0x0,false,0
20,13,EMPTY,EMPTY,0x0,0x0,0x0,0x0,0x0,false,0
20,14,EMPTY,EMPTY,0x0,0x0,0x0,0x0,0x0,false,0
20,15,EMPTY,EMPTY,0x0,0x0,0x0,0x0,0x0,false,0
21,0,EMPTY,EMPTY,0x0,0x0,0x0,0x0,0x0,false,0
21,1,EMPTY,EMPTY,0x0,0x0,0x0,0x0,0x0,false,0
21,2,EMPTY,EMPTY,0x0,0x0,0x0,0x0,0x0,false,0
21,3,EMPTY,EMPTY,0x0,0x0,0x0,0x0,0x0,false,0
21,4,EMPTY,EMPTY,0x0,0x0,0x0,0x0,0x0,false,0
21,5,EMPTY,EMPTY,0x0,0x0,0x0,0x0,0x0,false,0
21,6,EMPTY,EMPTY,0x0,0x0,0x0,0x0,0x0,false,0
21,7,EMPTY,EMPTY,0x0,0x0,0x0,0x0,0x0,false,0
21,8,EMPTY,EMPTY,0x0,0x0,0x0,0x0,0x0,false,0
21,9,EMPTY,EMPTY,0x0,0x0,0x0,0x0,0x0,false,0
21,10,EMPTY,EMPTY,0x0,0x0,0x0,0x0,0x0,false,0
21,11,EMPTY,EMPTY,0x0,0x0,0x0,0x0,0x0,false,0
21,12,EMPTY,EMPTY,0x0,0x0,0x0,0x0,0x0,false,0
21,13,EMPTY,EMPTY,0x0,0x0,0x0,0x0,0x0,false,0
21,14,EMPTY,EMPTY,0x0,0x0,0x0,0x0,0x0,false,0
21,15,EMPTY,EMPTY,0x0,0x0,0x0,0x0,0x0,false,0
22,0,EMPTY,EMPTY,0x0,0x0,0x0,0x0,0x0,false,0
22,1,EMPTY,EMPTY,0x0,0x0,0x0,0x0,0x0,false,0
22,2,EMPTY,EMPTY,0x0,0x0,0x0,0x0,0x0,false,0
22,3,EMPTY,EMPTY,0x0,0x0,0x0,0x0,0x0,false,0
22,4,EMPTY,EMPTY,0x0,0x0,0x0,0x0,0x0,false,0
22,5,EMPTY,EMPTY,0x0,0x0,0x0,0x0,0x0,false,0
22,6,EMPTY,EMPTY,0x0,0x0,0x0,0x0,0x0,false,0
22,7,EMPTY,EMPTY,0x0,0x0,0x0,0x0,0x0,false,0
22,8,EMPTY,EMPTY,0x0,0x0,0x0,0x0,0x0,false,0
22,9,EMPTY,EMPTY,0x0,0x0,0x0,0x0,0x0,false,0
22,10,EMPTY,EMPTY,0x0,0x0,0x0,0x0,0x0,false,0
22,11,EMPTY,EMPTY,0x0,0x0,0x0,0x0,0x0,false,0
22,12,EMPTY,EMPTY,0x0,0x0,0x0,0x0,0x0,false,0
22,13,EMPTY,EMPTY,0x0,0x0,0x0,0x0,0x0,false,0
22,14,EMPTY,EMPTY,0x0,0x0,0x0,0x0,0x0,false,0
22,15,EMPTY,EMPTY,0x0,0x0,0x0,0x0,0x0,false,0
23,0,EMPTY,EMPTY,0x0,0x0,0x0,0x0,0x0,false,0
23,1,EMPTY,EMPTY,0x0,0x0,0x0,0x0,0x0,false,0
23,2,EMPTY,EMPTY,0x0,0x0,0x0,0x0,0x0,false,0
23,3,EMPTY,EMPTY,0x0,0x0,0x0,0x0,0x0,false,0
23,4,EMPTY,EMPTY,0x0,0x0,0x0,0x0,0x0,false,0
23,5,EMPTY,EMPTY,0x0,0x0,0x0,0x0,0x0,false,0
23,6,EMPTY,EMPTY,0x0,0x0,0x0,0x0,0x0,false,0
23,7,EMPTY,EMPTY,0x0,0x0,0x0,0x0,0x0,false,0
23,8,EMPTY,EMPTY,0x0,0x0,0x0,0x0,0x0,false,0
23,9,EMPTY,EMPTY,0x0,0x0,0x0,0x0,0x0,false,0
23,10,EMPTY,EMPTY,0x0,0x0,0x0,0x0,0x0,false,0
23,11,EMPTY,EMPTY,0x0,0x0,0x0,0x0,0x0,false,0
23,12,EMPTY,EMPTY,0x0,0x0,0x0,0x0,0x0,false,0
23,13,EMPTY,EMPTY,0x0,0x0,0x0,0x0,0x0,false,0
23,14,EMPTY,EMPTY,0x0,0x0,0x0,0x0,0x0,false,0
23,15,EMPTY,EMPTY,0x0,0x0,0x0,0x0,0x0,false,0
24,0,EMPTY,EMPTY,0x0,0x0,0x0,0x0,0x0,false,0
24,1,EMPTY,EMPTY,0x0,0x0,0x0,0x0,0x0,false,0
24,2,EMPTY,EMPTY,0x0,0x0,0x0,0x0,0x0,false,0
24,3,EMPTY,EMPTY,0x0,0x0,0x0,0x0,0x0,false,0
24,4,EMPTY,EMPTY,0x0,0x0,0x0,0x0,0x0,false,0
24,5,EMPTY,EMPTY,0x0,0x0,0x0,0x0,0x0,false,0
24,6,EMPTY,EMPTY,0x0,0x0,0x0,0x0,0x0,false,0
24,7,EMPTY,EMPTY,0x0,0x0,0x0,0x0,0x0,false,0
24,8,EMPTY,EMPTY,0x0,0x0,0x0,0x0,0x0,false,0
24,9,EMPTY,EMPTY,0x0,0x0,0x0,0x0,0x0,false,0
24,10,EMPTY,EMPTY,0x0,0x0,0x0,0x0,0x0,false,0
24,11,EMPTY,EMPTY,0x0,0x0,0x0,0x0,0x0,false,0
24,12,EMPTY,EMPTY,0x0,0x0,0x0,0x0,0x0,false,0
24,13,EMPTY,EMPTY,0x0,0x0,0x0,0x0,0x0,false,0
24,14,EMPTY,EMPTY,0x0,0x0,0x0,0x0,0x0,false,0
24,15,EMPTY,EMPTY,0x0,0x0,0x0,0x0,0x0,false,0
25,0,EMPTY,EMPTY,0x0,0x0,0x0,0x0,0x0,false,0
25,1,EMPTY,EMPTY,0x0,0x0,0x0,0x0,0x0,false,0
25,2,EMPTY,EMPTY,0x0,0x0,0x0,0x0,0x0,false,0
25,3,EMPTY,EMPTY,0x0,0x0,0x0,0x0,0x0,false,0
25,4,EMPTY,EMPTY,0x0,0x0,0x0,0x0,0x0,false,0
25,5,EMPTY,EMPTY,0x0,0x0,0x0,0x0,0x0,false,0
25,6,EMPTY,EMPTY,0x0,0x0,0x0,0x0,0x0,false,0
25,7,EMPTY,EMPTY,0x0,0x0,0x0,0x0,0x0,false,0
25,8,EMPTY,EMPTY,0x0,0x0,0x0,0x0,0x0,false,0
25,9,EMPTY,EMPTY,0x0,0x0,0x0,0x0,0x0,false,0
25,10,EMPTY,EMPTY,0x0,0x0,0x0,0x0,0x0,false,0
25,11,EMPTY,EMPTY,0x0,0x0,0x0,0x0,0x0,false,0
25,12,EMPTY,EMPTY,0x0,0x0,0x0,0x0,0x0,false,0
25,13,EMPTY,EMPTY,0x0,0x0,0x0,0x0,0x0,false,0
25,14,EMPTY,EMPTY,0x0,0x0,0x0,0x0,0x0,false,0
25,15,EMPTY,EMPTY,0x0,0x0,0x0,0x0,0x0,false,0
26,0,EMPTY,EMPTY,0x0,0x0,0x0,0x0,0x0,false,0
26,1,EMPTY,EMPTY,0x0,0x0,0x0,0x0,0x0,false,0
26,2,EMPTY,EMPTY,0x0,0x0,0x0,0x0,0x0,false,0
26,3,EMPTY,EMPTY,0x0,0x0,0x0,0x0,0x0,false,0
26,4,EMPTY,EMPTY,0x0,0x0,0x0,0x0,0x0,false,0
26,5,EMPTY,EMPTY,0x0,0x0,0x0,0x0,0x0,false,0
26,6,EMPTY,EMPTY,0x0,0x0,0x0,0x0,0x0,false,0
26,7,EMPTY,EMPTY,0x0,0x0,0x0,0x0,0x0,false,0
26,8,EMPTY,EMPTY,0x0,0x0,0x0,0x0,0x0,false,0
26,9,EMPTY,EMPTY,0x0,0x0,0x0,0x0,0x0,false,0
26,10,EMPTY,EMPTY,0x0,0x0,0x0,0x0,0x0,false,0
26,11,EMPTY,EMPTY,0x0,0x0,0x0,0x0,0x0,false,0
26,12,EMPTY,EMPTY,0x0,0x0,0x0,0x0,0x0,false,0
26,13,EMPTY,EMPTY,0x0,0x0,0x0,0x0,0x0,false,0
26,14,EMPTY,EMPTY,0x0,0x0,0x0,0x0,0x0,false,0
26,15,EMPTY,EMPTY,0x0,0x0,0x0,0x0,0x0,false,0
27,0,EMPTY,EMPTY,0x0,0x0,0x0,0x0,0x0,false,0
27,1,EMPTY,EMPTY,0x0,0x0,0x0,0x0,0x0,false,0
27,2,EMPTY,EMPTY,0x0,0x0,0x0,0x0,0x0,false,0
27,3,EMPTY,EMPTY,0x0,0x0,0x0,0x0,0x0,false,0
27,4,EMPTY,EMPTY,0x0,0x0,0x0,0x0,0x0,false,0
27,5,EMPTY,EMPTY,0x0,0x0,0x0,0x0,0x0,false,0
27,6,EMPTY,EMPTY,0x0,0x0,0x0,0x0,0x0,false,0
27,7,EMPTY,EMPTY,0x0,0x0,0x0,0x0,0x0,false,0
27,8,EMPTY,EMPTY,0x0,0x0,0x0,0x0,0x0,false,0
27,9,EMPTY,EMPTY,0x0,0x0,0x0,0x0,0x0,false,0
27,10,EMPTY,EMPTY,0x0,0x0,0x0,0x0,0x0,false,0
27,11,EMPTY,EMPTY,0x0,0x0,0x0,0x0,0x0,false,0
27,12,EMPTY,EMPTY,0x0,0x0,0x0,0x0,0x0,false,0
27,13,EMPTY,EMPTY,0x0,0x0,0x0,0x0,0x0,false,0
27,14,EMPTY,EMPTY,0x0,0x0,0x0,0x0,0x0,false,0
27,15,EMPTY,EMPTY,0x0,0x0,0x0,0x0,0x0,false,0
28,0,EMPTY,EMPTY,0x0,0x0,0x0,0x0,0x0,false,0
28,1,EMPTY,EMPTY,0x0,0x0,0x0,0x0,0x0,false,0
28,2,EMPTY,EMPTY,0x0,0x0,0x0,0x0,0x0,false,0
28,3,EMPTY,EMPTY,0x0,0x0,0x0,0x0,0x0,false,0
28,4,EMPTY,EMPTY,0x0,0x0,0x0,0x0,0x0,false,0
28,5,EMPTY,EMPTY,0x0,0x0,0x0,0x0,0x0,false,0
28,6,EMPTY,EMPTY,0x0,0x0,0x0,0x0,0x0,false,0
28,7,EMPTY,EMPTY,0x0,0x0,0x0,0x0,0x0,false,0
28,8,EMPTY,EMPTY,0x0,0x0,0x0,0x0,0x0,false,0
28,9,EMPTY,EMPTY,0x0,0x0,0x0,0x0,0x0,false,0
28,10,EMPTY,EMPTY,0x0,0x0,0x0,0x0,0x0,false,0
28,11,EMPTY,EMPTY,0x0,0x0,0x0,0x0,0x0,false,0
28,12,EMPTY,EMPTY,0x0,0x0,0x0,0x0,0x0,false,0
28,13,EMPTY,EMPTY,0x0,0x0,0x0,0x0,0x0,false,0
28,14,EMPTY,EMPTY,0x0,0x0,0x0,0x0,0x0,false,0
28,15,EMPTY,EMPTY,0x0,0x0,0x0,0x0,0x0,false,0
29,0,EMPTY,EMPTY,0x0,0x0,0x0,0x0,0x0,false,0
29,1,EMPTY,EMPTY,0x0,0x0,0x0,0x0,0x0,false,0
29,2,EMPTY,EMPTY,0x0,0x0,0x0,0x0,0x0,false,0
29,3,EMPTY,EMPTY,0x0,0x0,0x0,0x0,0x0,false,0
29,4,EMPTY,EMPTY,0x0,0x0,0x0,0x0,0x0,false,0
29,5,EMPTY,EMPTY,0x0,0x0,0x0,0x0,0x0,false,0
29,6,EMPTY,EMPTY,0x0,0x0,0x0,0x0,0x0,false,0
29,7,EMPTY,EMPTY,0x0,0x0,0x0,0x0,0x0,false,0
29,8,EMPTY,EMPTY,0x0,0x0,0x0,0x0,0x0,false,0
29,9,EMPTY,EMPTY,0x0,0x0,0x0,0x0,0x0,false,0
29,10,EMPTY,EMPTY,0x0,0x0,0x0,0x0,0x0,false,0
29,11,EMPTY,EMPTY,0x0,0x0,0x0,0x0,0x0,false,0
29,12,EMPTY,EMPTY,0x0,0x0,0x0,0x0,0x0,false,0
29,13,EMPTY,EMPTY,0x0,0x0,0x0,0x0,0x0,false,0
29,14,EMPTY,EMPTY,0x0,0x0,0x0,0x0,0x0,false,0
29,15,EMPTY,EMPTY,0x0,0x0,0x0,0x0,0x0,false,0
30,0,EMPTY,EMPTY,0x0,0x0,0x0,0x0,0x0,false,0
30,1,EMPTY,EMPTY,0x0,0x0,0x0,0x0,0x0,false,0
30,2,EMPTY,EMPTY,0x0,0x0,0x0,0x0,0x0,false,0
30,3,EMPTY,EMPTY,0x0,0x0,0x0,0x0,0x0,false,0
30,4,EMPTY,EMPTY,0x0,0x0,0x0,0x0,0x0,false,0
30,5,EMPTY,EMPTY,0x0,0x0,0x0,0x0,0x0,false,0
30,6,EMPTY,EMPTY,0x0,0x0,0x0,0x0,0x0,false,0
30,7,EMPTY,EMPTY,0x0,0x0,0x0,0x0,0x0,false,0
30,8,EMPTY,EMPTY,0x0,0x0,0x0,0x0,0x0,false,0
30,9,EMPTY,EMPTY,0x0,0x0,0x0,0x0,0x0,false,0
30,10,EMPTY,EMPTY,0x0,0x0,0x0,0x0,0x0,false,0
30,11,EMPTY,EMPTY,0x0,0x0,0x0,0x0,0x0,false,0
30,12,EMPTY,EMPTY,0x0,0x0,0x0,0x0,0x0,false,0
30,13,EMPTY,EMPTY,0x0,0x0,0x0,0x0,0x0,false,0
30,14,EMPTY,EMPTY,0x0,0x0,0x0,0x0,0x0,false,0
30,15,EMPTY,EMPTY,0x0,0x0,0x0,0x0,0x0,false,0
31,0,EMPTY,EMPTY,0x0,0x0,0x0,0x0,0x0,false,0
31,1,EMPTY,EMPTY,0x0,0x0,0x0,0x0,0x0,false,0
31,2,EMPTY,EMPTY,0x0,0x0,0x0,0x0,0x0,false,0
31,3,EMPTY,EMPTY,0x0,0x0,0x0,0x0,0x0,false,0
31,4,EMPTY,EMPTY,0x0,0x0,0x0,0x0,0x0,false,0
31,5,EMPTY,EMPTY,0x0,0x0,0x0,0x0,0x0,false,0
31,6,EMPTY,EMPTY,0x0,0x0,0x0,0x0,0x0,false,0
31,7,EMPTY,EMPTY,0x0,0x0,0x0,0x0,0x0,false,0
31,8,EMPTY,EMPTY,0x0,0x0,0x0,0x0,0x0,false,0
31,9,EMPTY,EMPTY,0x0,0x0,0x0,0x0,0x0,false,0
31,10,EMPTY,EMPTY,0x0,0x0,0x0,0x0,0x0,false,0
31,11,EMPTY,EMPTY,0x0,0x0,0x0,0x0,0x0,false,0
31,12,EMPTY,EMPTY,0x0,0x0,0x0,0x0,0x0,false,0
31,13,EMPTY,EMPTY,0x0,0x0,0x0,0x0,0x0,false,0
31,14,EMPTY,EMPTY,0x0,0x0,0x0,0x0,0x0,false,0
31,15,EMPTY,EMPTY,0x0,0x0,0x0,0x0,0x0,false,0
32,0,EMPTY,EMPTY,0x0,0x0,0x0,0x0,0x0,false,0
32,1,EMPTY,EMPTY,0x0,0x0,0x0,0x0,0x0,false,0
32,2,EMPTY,EMPTY,0x0,0x0,0x0,0x0,0x0,false,0
32,3,EMPTY,EMPTY,0x0,0x0,0x0,0x0,0x0,false,0
32,4,EMPTY,EMPTY,0x0,0x0,0x0,0x0,0x0,false,0
32,5,EMPTY,EMPTY,0x0,0x0,0x0,0x0,0x0,false,0
32,6,EMPTY,EMPTY,0x0,0x0,0x0,0x0,0x0,false,0
32,7,EMPTY,EMPTY,0x0,0x0,0x0,0x0,0x0,false,0
32,8,EMPTY,EMPTY,0x0,0x0,0x0,0x0,0x0,false,0
32,9,EMPTY,EMPTY,0x0,0x0,0x0,0x0,0x0,false,0
32,10,EMPTY,EMPTY,0x0,0x0,0x0,0x0,0x0,false,0
32,11,EMPTY,EMPTY,0x0,0x0,0x0,0x0,0x0,false,0
32,12,EMPTY,EMPTY,0x0,0x0,0x0,0x0,0x0,false,0
32,13,EMPTY,EMPTY,0x0,0x0,0x0,0x0,0x0,false,0
32,14,EMPTY,EMPTY,0x0,0x0,0x0,0x0,0x0,false,0
32,15,EMPTY,EMPTY,0x0,0x0,0x0,0x0,0x0,false,0
33,0,EMPTY,EMPTY,0x0,0x0,0x0,0x0,0x0,false,0
33,1,EMPTY,EMPTY,0x0,0x0,0x0,0x0,0x0,false,0
33,2,EMPTY,EMPTY,0x0,0x0,0x0,0x0,0x0,false,0
33,3,EMPTY,EMPTY,0x0,0x0,0x0,0x0,0x0,false,0
33,4,EMPTY,EMPTY,0x0,0x0,0x0,0x0,0x0,false,0
33,5,EMPTY,EMPTY,0x0,0x0,0x0,0x0,0x0,false,0
33,6,EMPTY,EMPTY,0x0,0x0,0x0,0x0,0x0,false,0
33,7,EMPTY,EMPTY,0x0,0x0,0x0,0x0,0x0,false,0
33,8,EMPTY,EMPTY,0x0,0x0,0x0,0x0,0x0,false,0
33,9,EMPTY,EMPTY,0x0,0x0,0x0,0x0,0x0,false,0
33,10,EMPTY,EMPTY,0x0,0x0,0x0,0x0,0x0,false,0
33,11,EMPTY,EMPTY,0x0,0x0,0x0,0x0,0x0,false,0
33,12,EMPTY,EMPTY,0x0,0x0,0x0,0x0,0x0,false,0
33,13,EMPTY,EMPTY,0x0,0x0,0x0,0x0,0x0,false,0
33,14,EMPTY,EMPTY,0x0,0x0,0x0,0x0,0x0,false,0
33,15,EMPTY,EMPTY,0x0,0x0,0x0,0x0,0x0,false,0
34,0,EMPTY,EMPTY,0x0,0x0,0x0,0x0,0x0,false,0
34,1,EMPTY,EMPTY,0x0,0x0,0x0,0x0,0x0,false,0
34,2,EMPTY,EMPTY,0x0,0x0,0x0,0x0,0x0,false,0
34,3,EMPTY,EMPTY,0x0,0x0,0x0,0x0,0x0,false,0
34,4,EMPTY,EMPTY,0x0,0x0,0x0,0x0,0x0,false,0
34,5,EMPTY,EMPTY,0x0,0x0,0x0,0x0,0x0,false,0
34,6,EMPTY,EMPTY,0x0,0x0,0x0,0x0,0x0,false,0
34,7,EMPTY,EMPTY,0x0,0x0,0x0,0x0,0x0,false,0
34,8,EMPTY,EMPTY,0x0,0x0,0x0,0x0,0x0,false,0
34,9,EMPTY,EMPTY,0x0,0x0,0x0,0x0,0x0,false,0
34,10,EMPTY,EMPTY,0x0,0x0,0x0,0x0,0x0,false,0
34,11,EMPTY,EMPTY,0x0,0x0,0x0,0x0,0x0,false,0
34,12,EMPTY,EMPTY,0x0,0x0,0x0,0x0,0x0,false,0
34,13,EMPTY,EMPTY,0x0,0x0,0x0,0x0,0x0,false,0
34,14,EMPTY,EMPTY,0x0,0x0,0x0,0x0,0x0,false,0
34,15,EMPTY,EMPTY,0x0,0x0,0x0,0x0,0x0,false,0
35,0,EMPTY,EMPTY,0x0,0x0,0x0,0x0,0x0,false,0
35,1,EMPTY,EMPTY,0x0,0x0,0x0,0x0,0x0,false,0
35,2,EMPTY,EMPTY,0x0,0x0,0x0,0x0,0x0,false,0
35,3,EMPTY,EMPTY,0x0,0x0,0x0,0x0,0x0,false,0
35,4,EMPTY,EMPTY,0x0,0x0,0x0,0x0,0x0,false,0
35,5,EMPTY,EMPTY,0x0,0x0,0x0,0x0,0x0,false,0
35,6,EMPTY,EMPTY,0x0,0x0,0x0,0x0,0x0,false,0
35,7,EMPTY,EMPTY,0x0,0x0,0x0,0x0,0x0,false,0
35,8,EMPTY,EMPTY,0x0,0x0,0x0,0x0,0x0,false,0
35,9,EMPTY,EMPTY,0x0,0x0,0x0,0x0,0x0,false,0
35,10,EMPTY,EMPTY,0x0,0x0,0x0,0x0,0x0,false,0
35,11,EMPTY,EMPTY,0x0,0x0,0x0,0x0,0x0,false,0
35,12,EMPTY,EMPTY,0x0,0x0,0x0,0x0,0x0,false,0
35,13,EMPTY,EMPTY,0x0,0x0,0x0,0x0,0x0,false,0
35,14,EMPTY,EMPTY,0x0,0x0,0x0,0x0,0x0,false,0
35,15,EMPTY,EMPTY,0x0,0x0,0x0,0x0,0x0,false,0
36,0,EMPTY,EMPTY,0x0,0x0,0x0,0x0,0x0,false,0
36,1,EMPTY,EMPTY,0x0,0x0,0x0,0x0,0x0,false,0
36,2,EMPTY,EMPTY,0x0,0x0,0x0,0x0,0x0,false,0
36,3,EMPTY,EMPTY,0x0,0x0,0x0,0x0,0x0,false,0
36,4,EMPTY,EMPTY,0x0,0x0,0x0,0x0,0x0,false,0
36,5,EMPTY,EMPTY,0x0,0x0,0x0,0x0,0x0,false,0
36,6,EMPTY,EMPTY,0x0,0x0,0x0,0x0,0x0,false,0
36,7,EMPTY,EMPTY,0x0,0x0,0x0,0x0,0x0,false,0
36,8,EMPTY,EMPTY,0x0,0x0,0x0,0x0,0x0,false,0
36,9,EMPTY,EMPTY,0x0,0x0,0x0,0x0,0x0,false,0
36,10,EMPTY,EMPTY,0x0,0x0,0x0,0x0,0x0,false,0
36,11,EMPTY,EMPTY,0x0,0x0,0x0,0x0,0x0,false,0
36,12,EMPTY,EMPTY,0x0,0x0,0x0,0x0,0x0,false,0
36,13,EMPTY,EMPTY,0x0,0x0,0x0,0x0,0x0,false,0
36,14,EMPTY,EMPTY,0x0,0x0,0x0,0x0,0x0,false,0
36,15,EMPTY,EMPTY,0x0,0x0,0x0,0x0,0x0,false,0
37,0,EMPTY,EMPTY,0x0,0x0,0x0,0x0,0x0,false,0
37,1,EMPTY,EMPTY,0x0,0x0,0x0,0x0,0x0,false,0
37,2,EMPTY,EMPTY,0x0,0x0,0x0,0x0,0x0,false,0
37,3,EMPTY,EMPTY,0x0,0x0,0x0,0x0,0x0,false,0
37,4,EMPTY,EMPTY,0x0,0x0,0x0,0x0,0x0,false,0
37,5,EMPTY,EMPTY,0x0,0x0,0x0,0x0,0x0,false,0
37,6,EMPTY,EMPTY,0x0,0x0,0x0,0x0,0x0,false,0
37,7,EMPTY,EMPTY,0x0,0x0,0x0,0x0,0x0,false,0
37,8,EMPTY,EMPTY,0x0,0x0,0x0,0x0,0x0,false,0
37,9,EMPTY,EMPTY,0x0,0x0,0x0,0x0,0x0,false,0
37,10,EMPTY,EMPTY,0x0,0x0,0x0,0x0,0x0,false,0
37,11,EMPTY,EMPTY,0x0,0x0,0x0,0x0,0x0,false,0
37,12,EMPTY,EMPTY,0x0,0x0,0x0,0x0,0x0,false,0
37,13,EMPTY,EMPTY,0x0,0x0,0x0,0x0,0x0,false,0
37,14,EMPTY,EMPTY,0x0,0x0,0x0,0x0,0x0,false,0
37,15,EMPTY,EMPTY,0x0,0x0,0x0,0x0,0x0,false,0
38,0,EMPTY,EMPTY,0x0,0x0,0x0,0x0,0x0,false,0
38,1,EMPTY,EMPTY,0x0,0x0,0x0,0x0,0x0,false,0
38,2,EMPTY,EMPTY,0x0,0x0,0x0,0x0,0x0,false,0
38,3,EMPTY,EMPTY,0x0,0x0,0x0,0x0,0x0,false,0
38,4,EMPTY,EMPTY,0x0,0x0,0x0,0x0,0x0,false,0
38,5,EMPTY,EMPTY,0x0,0x0,0x0,0x0,0x0,false,0
38,6,EMPTY,EMPTY,0x0,0x0,0x0,0x0,0x0,false,0
38,7,EMPTY,EMPTY,0x0,0x0,0x0,0x0,0x0,false,0
38,8,EMPTY,EMPTY,0x0,0x0,0x0,0x0,0x0,false,0
38,9,EMPTY,EMPTY,0x0,0x0,0x0,0x0,0x0,false,0
38,10,EMPTY,EMPTY,0x0,0x0,0x0,0x0,0x0,false,0
38,11,EMPTY,EMPTY,0x0,0x0,0x0,0x0,0x0,false,0
38,12,EMPTY,EMPTY,0x0,0x0,0x0,0x0,0x0,false,0
38,13,EMPTY,EMPTY,0x0,0x0,0x0,0x0,0x0,false,0
38,14,EMPTY,EMPTY,0x0,0x0,0x0,0x0,0x0,false,0
38,15,EMPTY,EMPTY,0x0,0x0,0x0,0x0,0x0,false,0
39,0,EMPTY,EMPTY,0x0,0x0,0x0,0x0,0x0,false,0
39,1,EMPTY,EMPTY,0x0,0x0,0x0,0x0,0x0,false,0
39,2,EMPTY,EMPTY,0x0,0x0,0x0,0x0,0x0,false,0
39,3,EMPTY,EMPTY,0x0,0x0,0x0,0x0,0x0,false,0
39,4,EMPTY,EMPTY,0x0,0x0,0x0,0x0,0x0,false,0
39,5,EMPTY,EMPTY,0x0,0x0,0x0,0x0,0x0,false,0
39,6,EMPTY,EMPTY,0x0,0x0,0x0,0x0,0x0,false,0
39,7,EMPTY,EMPTY,0x0,0x0,0x0,0x0,0x0,false,0
39,8,EMPTY,EMPTY,0x0,0x0,0x0,0x0,0x0,false,0
39,9,EMPTY,EMPTY,0x0,0x0,0x0,0x0,0x0,false,0
39,10,EMPTY,EMPTY,0x0,0x0,0x0,0x0,0x0,false,0
39,11,EMPTY,EMPTY,0x0,0x0,0x0,0x0,0x0,false,0
39,12,EMPTY,EMPTY,0x0,0x0,0x0,0x0,0x0,false,0
39,13,EMPTY,EMPTY,0x0,0x0,0x0,0x0,0x0,false,0
39,14,EMPTY,EMPTY,0x0,0x0,0x0,0x0,0x0,false,0
39,15,EMPTY,EMPTY,0x0,0x0,0x0,0x0,0x0,false,0
40,0,EMPTY,EMPTY,0x0,0x0,0x0,0x0,0x0,false,0
40,1,EMPTY,EMPTY,0x0,0x0,0x0,0x0,0x0,false,0
40,2,EMPTY,EMPTY,0x0,0x0,0x0,0x0,0x0,false,0
40,3,EMPTY,EMPTY,0x0,0x0,0x0,0x0,0x0,false,0
40,4,EMPTY,EMPTY,0x0,0x0,0x0,0x0,0x0,false,0
40,5,EMPTY,EMPTY,0x0,0x0,0x0,0x0,0x0,false,0
40,6,EMPTY,EMPTY,0x0,0x0,0x0,0x0,0x0,false,0
40,7,EMPTY,EMPTY,0x0,0x0,0x0,0x0,0x0,false,0
40,8,EMPTY,EMPTY,0x0,0x0,0x0,0x0,0x0,false,0
40,9,EMPTY,EMPTY,0x0,0x0,0x0,0x0,0x0,false,0
40,10,EMPTY,EMPTY,0x0,0x0,0x0,0x0,0x0,false,0
40,11,EMPTY,EMPTY,0x0,0x0,0x0,0x0,0x0,false,0
40,12,EMPTY,EMPTY,0x0,0x0,0x0,0x0,0x0,false,0
40,13,EMPTY,EMPTY,0x0,0x0,0x0,0x0,0x0,false,0
40,14,EMPTY,EMPTY,0x0,0x0,0x0,0x0,0x0,false,0
40,15,EMPTY,EMPTY,0x0,0x0,0x0,0x0,0x0,false,0
41,0,EMPTY,EMPTY,0x0,0x0,0x0,0x0,0x0,false,0
41,1,EMPTY,EMPTY,0x0,0x0,0x0,0x0,0x0,false,0
41,2,EMPTY,EMPTY,0x0,0x0,0x0,0x0,0x0,false,0
41,3,EMPTY,EMPTY,0x0,0x0,0x0,0x0,0x0,false,0
41,4,EMPTY,EMPTY,0x0,0x0,0x0,0x0,0x0,false,0
41,5,EMPTY,EMPTY,0x0,0x0,0x0,0x0,0x0,false,0
41,6,EMPTY,EMPTY,0x0,0x0,0x0,0x0,0x0,false,0
41,7,EMPTY,EMPTY,0x0,0x0,0x0,0x0,0x0,false,0
41,8,EMPTY,EMPTY,0x0,0x0,0x0,0x0,0x0,false,0
41,9,EMPTY,EMPTY,0x0,0x0,0x0,0x0,0x0,false,0
41,10,EMPTY,EMPTY,0x0,0x0,0x0,0x0,0x0,false,0
41,11,EMPTY,EMPTY,0x0,0x0,0x0,0x0,0x0,false,0
41,12,EMPTY,EMPTY,0x0,0x0,0x0,0x0,0x0,false,0
41,13,EMPTY,EMPTY,0x0,0x0,0x0,0x0,0x0,false,0
41,14,EMPTY,EMPTY,0x0,0x0,0x0,0x0,0x0,false,0
41,15,EMPTY,EMPTY,0x0,0x0,0x0,0x0,0x0,false,0
42,0,EMPTY,EMPTY,0x0,0x0,0x0,0x0,0x0,false,0
42,1,EMPTY,EMPTY,0x0,0x0,0x0,0x0,0x0,false,0
42,2,EMPTY,EMPTY,0x0,0x0,0x0,0x0,0x0,false,0
42,3,EMPTY,EMPTY,0x0,0x0,0x0,0x0,0x0,false,0
42,4,EMPTY,EMPTY,0x0,0x0,0x0,0x0,0x0,false,0
42,5,EMPTY,EMPTY,0x0,0x0,0x0,0x0,0x0,false,0
42,6,EMPTY,EMPTY,0x0,0x0,0x0,0x0,0x0,false,0
42,7,EMPTY,EMPTY,0x0,0x0,0x0,0x0,0x0,false,0
42,8,EMPTY,EMPTY,0x0,0x0,0x0,0x0,0x0,false,0
42,9,EMPTY,EMPTY,0x0,0x0,0x0,0x0,0x0,false,0
42,10,EMPTY,EMPTY,0x0,0x0,0x0,0x0,0x0,false,0
42,11,EMPTY,EMPTY,0x0,0x0,0x0,0x0,0x0,false,0
42,12,EMPTY,EMPTY,0x0,0x0,0x0,0x0,0x0,false,0
42,13,EMPTY,EMPTY,0x0,0x0,0x0,0x0,0x0,false,0
42,14,EMPTY,EMPTY,0x0,0x0,0x0,0x0,0x0,false,0
42,15,EMPTY,EMPTY,0x0,0x0,0x0,0x0,0x0,false,0
43,0,EMPTY,EMPTY,0x0,0x0,0x0,0x0,0x0,false,0
43,1,EMPTY,EMPTY,0x0,0x0,0x0,0x0,0x0,false,0
43,2,EMPTY,EMPTY,0x0,0x0,0x0,0x0,0x0,false,0
43,3,EMPTY,EMPTY,0x0,0x0,0x0,0x0,0x0,false,0
43,4,EMPTY,EMPTY,0x0,0x0,0x0,0x0,0x0,false,0
43,5,EMPTY,EMPTY,0x0,0x0,0x0,0x0,0x0,false,0
43,6,EMPTY,EMPTY,0x0,0x0,0x0,0x0,0x0,false,0
43,7,EMPTY,EMPTY,0x0,0x0,0x0,0x0,0x0,false,0
43,8,EMPTY,EMPTY,0x0,0x0,0x0,0x0,0x0,false,0
43,9,EMPTY,EMPTY,0x0,0x0,0x0,0x0,0x0,false,0
43,10,EMPTY,EMPTY,0x0,0x0,0x0,0x0,0x0,false,0
43,11,EMPTY,EMPTY,0x0,0x0,0x0,0x0,0x0,false,0
43,12,EMPTY,EMPTY,0x0,0x0,0x0,0x0,0x0,false,0
43,13,EMPTY,EMPTY,0x0,0x0,0x0,0x0,0x0,false,0
43,14,EMPTY,EMPTY,0x0,0x0,0x0,0x0,0x0,false,0
43,15,EMPTY,EMPTY,0x0,0x0,0x0,0x0,0x0,false,0
44,0,EMPTY,EMPTY,0x0,0x0,0x0,0x0,0x0,false,0
44,1,EMPTY,EMPTY,0x0,0x0,0x0,0x0,0x0,false,0
44,2,EMPTY,EMPTY,0x0,0x0,0x0,0x0,0x0,false,0
44,3,EMPTY,EMPTY,0x0,0x0,0x0,0x0,0x0,false,0
44,4,EMPTY,EMPTY,0x0,0x0,0x0,0x0,0x0,false,0
44,5,EMPTY,EMPTY,0x0,0x0,0x0,0x0,0x0,false,0
44,6,EMPTY,EMPTY,0x0,0x0,0x0,0x0,0x0,false,0
44,7,EMPTY,EMPTY,0x0,0x0,0x0,0x0,0x0,false,0
44,8,EMPTY,EMPTY,0x0,0x0,0x0,0x0,0x0,false,0
44,9,EMPTY,EMPTY,0x0,0x0,0x0,0x0,0x0,false,0
44,10,EMPTY,EMPTY,0x0,0x0,0x0,0x0,0x0,false,0
44,11,EMPTY,EMPTY,0x0,0x0,0x0,0x0,0x0,false,0
44,12,EMPTY,EMPTY,0x0,0x0,0x0,0x0,0x0,false,0
44,13,EMPTY,EMPTY,0x0,0x0,0x0,0x0,0x0,false,0
44,14,EMPTY,EMPTY,0x0,0x0,0x0,0x0,0x0,false,0
44,15,EMPTY,EMPTY,0x0,0x0,0x0,0x0,0x0,false,0
45,0,EMPTY,EMPTY,0x0,0x0,0x0,0x0,0x0,false,0
45,1,EMPTY,EMPTY,0x0,0x0,0x0,0x0,0x0,false,0
45,2,EMPTY,EMPTY,0x0,0x0,0x0,0x0,0x0,false,0
45,3,EMPTY,EMPTY,0x0,0x0,0x0,0x0,0x0,false,0
45,4,EMPTY,EMPTY,0x0,0x0,0x0,0x0,0x0,false,0
45,5,EMPTY,EMPTY,0x0,0x0,0x0,0x0,0x0,false,0
45,6,EMPTY,EMPTY,0x0,0x0,0x0,0x0,0x0,false,0
45,7,EMPTY,EMPTY,0x0,0x0,0x0,0x0,0x0,false,0
45,8,EMPTY,EMPTY,0x0,0x0,0x0,0x0,0x0,false,0
45,9,EMPTY,EMPTY,0x0,0x0,0x0,0x0,0x0,false,0
45,10,EMPTY,EMPTY,0x0,0x0,0x0,0x0,0x0,false,0
45,11,EMPTY,EMPTY,0x0,0x0,0x0,0x0,0x0,false,0
45,12,EMPTY,EMPTY,0x0,0x0,0x0,0x0,0x0,false,0
45,13,EMPTY,EMPTY,0x0,0x0,0x0,0x0,0x0,false,0
45,14,EMPTY,EMPTY,0x0,0x0,0x0,0x0,0x0,false,0
45,15,EMPTY,EMPTY,0x0,0x0,0x0,0x0,0x0,false,0
46,0,EMPTY,EMPTY,0x0,0x0,0x0,0x0,0x0,false,0
46,1,EMPTY,EMPTY,0x0,0x0,0x0,0x0,0x0,false,0
46,2,EMPTY,EMPTY,0x0,0x0,0x0,0x0,0x0,false,0
46,3,EMPTY,EMPTY,0x0,0x0,0x0,0x0,0x0,false,0
46,4,EMPTY,EMPTY,0x0,0x0,0x0,0x0,0x0,false,0
46,5,EMPTY,EMPTY,0x0,0x0,0x0,0x0,0x0,false,0
46,6,EMPTY,EMPTY,0x0,0x0,0x0,0x0,0x0,false,0
46,7,EMPTY,EMPTY,0x0,0x0,0x0,0x0,0x0,false,0
46,8,EMPTY,EMPTY,0x0,0x0,0x0,0x0,0x0,false,0
46,9,EMPTY,EMPTY,0x0,0x0,0x0,0x0,0x0,false,0
46,10,EMPTY,EMPTY,0x0,0x0,0x0,0x0,0x0,false,0
46,11,EMPTY,EMPTY,0x0,0x0,0x0,0x0,0x0,false,0
46,12,EMPTY,EMPTY,0x0,0x0,0x0,0x0,0x0,false,0
46,13,EMPTY,EMPTY,0x0,0x0,0x0,0x0,0x0,false,0
46,14,EMPTY,EMPTY,0x0,0x0,0x0,0x0,0x0,false,0
46,15,EMPTY,EMPTY,0x0,0x0,0x0,0x0,0x0,false,0
47,0,EMPTY,EMPTY,0x0,0x0,0x0,0x0,0x0,false,0
47,1,EMPTY,EMPTY,0x0,0x0,0x0,0x0,0x0,false,0
47,2,EMPTY,EMPTY,0x0,0x0,0x0,0x0,0x0,false,0
47,3,EMPTY,EMPTY,0x0,0x0,0x0,0x0,0x0,false,0
47,4,EMPTY,EMPTY,0x0,0x0,0x0,0x0,0x0,false,0
47,5,EMPTY,EMPTY,0x0,0x0,0x0,0x0,0x0,false,0
47,6,EMPTY,EMPTY,0x0,0x0,0x0,0x0,0x0,false,0
47,7,EMPTY,EMPTY,0x0,0x0,0x0,0x0,0x0,false,0
47,8,EMPTY,EMPTY,0x0,0x0,0x0,0x0,0x0,false,0
47,9,EMPTY,EMPTY,0x0,0x0,0x0,0x0,0x0,false,0
47,10,EMPTY,EMPTY,0x0,0x0,0x0,0x0,0x0,false,0
47,11,EMPTY,EMPTY,0x0,0x0,0x0,0x0,0x0,false,0
47,12,EMPTY,EMPTY,0x0,0x0,0x0,0x0,0x0,false,0
47,13,EMPTY,EMPTY,0x0,0x0,0x0,0x0,0x0,false,0
47,14,EMPTY,EMPTY,0x0,0x0,0x0,0x0,0x0,false,0
47,15,EMPTY,EMPTY,0x0,0x0,0x0,0x0,0x0,false,0
48,0,EMPTY,EMPTY,0x0,0x0,0x0,0x0,0x0,false,0
48,1,EMPTY,EMPTY,0x0,0x0,0x0,0x0,0x0,false,0
48,2,EMPTY,EMPTY,0x0,0x0,0x0,0x0,0x0,false,0
48,3,EMPTY,EMPTY,0x0,0x0,0x0,0x0,0x0,false,0
48,4,EMPTY,EMPTY,0x0,0x0,0x0,0x0,0x0,false,0
48,5,EMPTY,EMPTY,0x0,0x0,0x0,0x0,0x0,false,0
48,6,EMPTY,EMPTY,0x0,0x0,0x0,0x0,0x0,false,0
48,7,EMPTY,EMPTY,0x0,0x0,0x0,0x0,0x0,false,0
48,8,EMPTY,EMPTY,0x0,0x0,0x0,0x0,0x0,false,0
48,9,EMPTY,EMPTY,0x0,0x0,0x0,0x0,0x0,false,0
48,10,EMPTY,EMPTY,0x0,0x0,0x0,0x0,0x0,false,0
48,11,EMPTY,EMPTY,0x0,0x0,0x0,0x0,0x0,false,0
48,12,EMPTY,EMPTY,0x0,0x0,0x0,0x0,0x0,false,0
48,13,EMPTY,EMPTY,0x0,0x0,0x0,0x0,0x0,false,0
48,14,EMPTY,EMPTY,0x0,0x0,0x0,0x0,0x0,false,0
48,15,EMPTY,EMPTY,0x0,0x0,0x0,0x0,0x0,false,0
49,0,EMPTY,EMPTY,0x0,0x0,0x0,0x0,0x0,false,0
49,1,EMPTY,EMPTY,0x0,0x0,0x0,0x0,0x0,false,0
49,2,EMPTY,EMPTY,0x0,0x0,0x0,0x0,0x0,false,0
49,3,EMPTY,EMPTY,0x0,0x0,0x0,0x0,0x0,false,0
49,4,EMPTY,EMPTY,0x0,0x0,0x0,0x0,0x0,false,0
49,5,EMPTY,EMPTY,0x0,0x0,0x0,0x0,0x0,false,0
49,6,EMPTY,EMPTY,0x0,0x0,0x0,0x0,0x0,false,0
49,7,EMPTY,EMPTY,0x0,0x0,0x0,0x0,0x0,false,0
49,8,EMPTY,EMPTY,0x0,0x0,0x0,0x0,0x0,false,0
49,9,EMPTY,EMPTY,0x0,0x0,0x0,0x0,0x0,false,0
49,10,EMPTY,EMPTY,0x0,0x0,0x0,0x0,0x0,false,0
49,11,EMPTY,EMPTY,0x0,0x0,0x0,0x0,0x0,false,0
49,12,EMPTY,EMPTY,0x0,0x0,0x0,0x0,0x0,false,0
49,13,EMPTY,EMPTY,0x0,0x0,0x0,0x0,0x0,false,0
49,14,EMPTY,EMPTY,0x0,0x0,0x0,0x0,0x0,false,0
49,15,EMPTY,EMPTY,0x0,0x0,0x0,0x0,0x0,false,0
50,0,EMPTY,EMPTY,0x0,0x0,0x0,0x0,0x0,false,0
50,1,EMPTY,EMPTY,0x0,0x0,0x0,0x0,0x0,false,0
50,2,EMPTY,EMPTY,0x0,0x0,0x0,0x0,0x0,false,0
50,3,EMPTY,EMPTY,0x0,0x0,0x0,0x0,0x0,false,0
50,4,EMPTY,EMPTY,0x0,0x0,0x0,0x0,0x0,false,0
50,5,EMPTY,EMPTY,0x0,0x0,0x0,0x0,0x0,false,0
50,6,EMPTY,EMPTY,0x0,0x0,0x0,0x0,0x0,false,0
50,7,EMPTY,EMPTY,0x0,0x0,0x0,0x0,0x0,false,0
50,8,EMPTY,EMPTY,0x0,0x0,0x0,0x0,0x0,false,0
50,9,EMPTY,EMPTY,0x0,0x0,0x0,0x0,0x0,false,0
50,10,EMPTY,EMPTY,0x0,0x0,0x0,0x0,0x0,false,0
50,11,EMPTY,EMPTY,0x0,0x0,0x0,0x0,0x0,false,0
50,12,EMPTY,EMPTY,0x0,0x0,0x0,0x0,0x0,false,0
50,13,EMPTY,EMPTY,0x0,0x0,0x0,0x0,0x0,false,0
50,14,EMPTY,EMPTY,0x0,0x0,0x0,0x0,0x0,false,0
50,15,EMPTY,EMPTY,0x0,0x0,0x0,0x0,0x0,false,0
51,0,EMPTY,EMPTY,0x0,0x0,0x0,0x0,0x0,false,0
51,1,EMPTY,EMPTY,0x0,0x0,0x0,0x0,0x0,false,0
51,2,EMPTY,EMPTY,0x0,0x0,0x0,0x0,0x0,false,0
51,3,EMPTY,EMPTY,0x0,0x0,0x0,0x0,0x0,false,0
51,4,EMPTY,EMPTY,0x0,0x0,0x0,0x0,0x0,false,0
51,5,EMPTY,EMPTY,0x0,0x0,0x0,0x0,0x0,false,0
51,6,EMPTY,EMPTY,0x0,0x0,0x0,0x0,0x0,false,0
51,7,EMPTY,EMPTY,0x0,0x0,0x0,0x0,0x0,false,0
51,8,EMPTY,EMPTY,0x0,0x0,0x0,0x0,0x0,false,0
51,9,EMPTY,EMPTY,0x0,0x0,0x0,0x0,0x0,false,0
51,10,EMPTY,EMPTY,0x0,0x0,0x0,0x0,0x0,false,0
51,11,EMPTY,EMPTY,0x0,0x0,0x0,0x0,0x0,false,0
51,12,EMPTY,EMPTY,0x0,0x0,0x0,0x0,0x0,false,0
51,13,EMPTY,EMPTY,0x0,0x0,0x0,0x0,0x0,false,0
51,14,EMPTY,EMPTY,0x0,0x0,0x0,0x0,0x0,false,0
51,15,EMPTY,EMPTY,0x0,0x0,0x0,0x0,0x0,false,0
52,0,EMPTY,EMPTY,0x0,0x0,0x0,0x0,0x0,false,0
52,1,EMPTY,EMPTY,0x0,0x0,0x0,0x0,0x0,false,0
52,2,EMPTY,EMPTY,0x0,0x0,0x0,0x0,0x0,false,0
52,3,EMPTY,EMPTY,0x0,0x0,0x0,0x0,0x0,false,0
52,4,EMPTY,EMPTY,0x0,0x0,0x0,0x0,0x0,false,0
52,5,EMPTY,EMPTY,0x0,0x0,0x0,0x0,0x0,false,0
52,6,EMPTY,EMPTY,0x0,0x0,0x0,0x0,0x0,false,0
52,7,EMPTY,EMPTY,0x0,0x0,0x0,0x0,0x0,false,0
52,8,EMPTY,EMPTY,0x0,0x0,0x0,0x0,0x0,false,0
52,9,EMPTY,EMPTY,0x0,0x0,0x0,0x0,0x0,false,0
52,10,EMPTY,EMPTY,0x0,0x0,0x0,0x0,0x0,false,0
52,11,EMPTY,EMPTY,0x0,0x0,0x0,0x0,0x0,false,0
52,12,EMPTY,EMPTY,0x0,0x0,0x0,0x0,0x0,false,0
52,13,EMPTY,EMPTY,0x0,0x0,0x0,0x0,0x0,false,0
52,14,EMPTY,EMPTY,0x0,0x0,0x0,0x0,0x0,false,0
52,15,EMPTY,EMPTY,0x0,0x0,0x0,0x0,0x0,false,0
53,0,EMPTY,EMPTY,0x0,0x0,0x0,0x0,0x0,false,0
53,1,EMPTY,EMPTY,0x0,0x0,0x0,0x0,0x0,false,0
53,2,EMPTY,EMPTY,0x0,0x0,0x0,0x0,0x0,false,0
53,3,EMPTY,EMPTY,0x0,0x0,0x0,0x0,0x0,false,0
53,4,EMPTY,EMPTY,0x0,0x0,0x0,0x0,0x0,false,0
53,5,EMPTY,EMPTY,0x0,0x0,0x0,0x0,0x0,false,0
53,6,EMPTY,EMPTY,0x0,0x0,0x0,0x0,0x0,false,0
53,7,EMPTY,EMPTY,0x0,0x0,0x0,0x0,0x0,false,0
53,8,EMPTY,EMPTY,0x0,0x0,0x0,0x0,0x0,false,0
53,9,EMPTY,EMPTY,0x0,0x0,0x0,0x0,0x0,false,0
53,10,EMPTY,EMPTY,0x0,0x0,0x0,0x0,0x0,false,0
53,11,EMPTY,EMPTY,0x0,0x0,0x0,0x0,0x0,false,0
53,12,EMPTY,EMPTY,0x0,0x0,0x0,0x0,0x0,false,0
53,13,EMPTY,EMPTY,0x0,0x0,0x0,0x0,0x0,false,0
53,14,EMPTY,EMPTY,0x0,0x0,0x0,0x0,0x0,false,0
53,15,EMPTY,EMPTY,0x0,0x0,0x0,0x0,0x0,false,0
54,0,EMPTY,EMPTY,0x0,0x0,0x0,0x0,0x0,false,0
54,1,EMPTY,EMPTY,0x0,0x0,0x0,0x0,0x0,false,0
54,2,EMPTY,EMPTY,0x0,0x0,0x0,0x0,0x0,false,0
54,3,EMPTY,EMPTY,0x0,0x0,0x0,0x0,0x0,false,0
54,4,EMPTY,EMPTY,0x0,0x0,0x0,0x0,0x0,false,0
54,5,EMPTY,EMPTY,0x0,0x0,0x0,0x0,0x0,false,0
54,6,EMPTY,EMPTY,0x0,0x0,0x0,0x0,0x0,false,0
54,7,EMPTY,EMPTY,0x0,0x0,0x0,0x0,0x0,false,0
54,8,EMPTY,EMPTY,0x0,0x0,0x0,0x0,0x0,false,0
54,9,EMPTY,EMPTY,0x0,0x0,0x0,0x0,0x0,false,0
54,10,EMPTY,EMPTY,0x0,0x0,0x0,0x0,0x0,false,0
54,11,EMPTY,EMPTY,0x0,0x0,0x0,0x0,0x0,false,0
54,12,EMPTY,EMPTY,0x0,0x0,0x0,0x0,0x0,false,0
54,13,EMPTY,EMPTY,0x0,0x0,0x0,0x0,0x0,false,0
54,14,EMPTY,EMPTY,0x0,0x0,0x0,0x0,0x0,false,0
54,15,EMPTY,EMPTY,0x0,0x0,0x0,0x0,0x0,false,0
55,0,EMPTY,EMPTY,0x0,0x0,0x0,0x0,0x0,false,0
55,1,EMPTY,EMPTY,0x0,0x0,0x0,0x0,0x0,false,0
55,2,EMPTY,EMPTY,0x0,0x0,0x0,0x0,0x0,false,0
55,3,EMPTY,EMPTY,0x0,0x0,0x0,0x0,0x0,false,0
55,4,EMPTY,EMPTY,0x0,0x0,0x0,0x0,0x0,false,0
55,5,EMPTY,EMPTY,0x0,0x0,0x0,0x0,0x0,false,0
55,6,EMPTY,EMPTY,0x0,0x0,0x0,0x0,0x0,false,0
55,7,EMPTY,EMPTY,0x0,0x0,0x0,0x0,0x0,false,0
55,8,EMPTY,EMPTY,0x0,0x0,0x0,0x0,0x0,false,0
55,9,EMPTY,EMPTY,0x0,0x0,0x0,0x0,0x0,false,0
55,10,EMPTY,EMPTY,0x0,0x0,0x0,0x0,0x0,false,0
55,11,EMPTY,EMPTY,0x0,0x0,0x0,0x0,0x0,false,0
55,12,EMPTY,EMPTY,0x0,0x0,0x0,0x0,0x0,false,0
55,13,EMPTY,EMPTY,0x0,0x0,0x0,0x0,0x0,false,0
55,14,EMPTY,EMPTY,0x0,0x0,0x0,0x0,0x0,false,0
55,15,EMPTY,EMPTY,0x0,0x0,0x0,0x0,0x0,false,0
56,0,EMPTY,EMPTY,0x0,0x0,0x0,0x0,0x0,false,0
56,1,EMPTY,EMPTY,0x0,0x0,0x0,0x0,0x0,false,0
56,2,EMPTY,EMPTY,0x0,0x0,0x0,0x0,0x0,false,0
56,3,EMPTY,EMPTY,0x0,0x0,0x0,0x0,0x0,false,0
56,4,EMPTY,EMPTY,0x0,0x0,0x0,0x0,0x0,false,0
56,5,EMPTY,EMPTY,0x0,0x0,0x0,0x0,0x0,false,0
56,6,EMPTY,EMPTY,0x0,0x0,0x0,0x0,0x0,false,0
56,7,EMPTY,EMPTY,0x0,0x0,0x0,0x0,0x0,false,0
56,8,EMPTY,EMPTY,0x0,0x0,0x0,0x0,0x0,false,0
56,9,EMPTY,EMPTY,0x0,0x0,0x0,0x0,0x0,false,0
56,10,EMPTY,EMPTY,0x0,0x0,0x0,0x0,0x0,false,0
56,11,EMPTY,EMPTY,0x0,0x0,0x0,0x0,0x0,false,0
56,12,EMPTY,EMPTY,0x0,0x0,0x0,0x0,0x0,false,0
56,13,EMPTY,EMPTY,0x0,0x0,0x0,0x0,0x0,false,0
56,14,EMPTY,EMPTY,0x0,0x0,0x0,0x0,0x0,false,0
56,15,EMPTY,EMPTY,0x0,0x0,0x0,0x0,0x0,false,0
57,0,EMPTY,EMPTY,0x0,0x0,0x0,0x0,0x0,false,0
57,1,EMPTY,EMPTY,0x0,0x0,0x0,0x0,0x0,false,0
57,2,EMPTY,EMPTY,0x0,0x0,0x0,0x0,0x0,false,0
57,3,EMPTY,EMPTY,0x0,0x0,0x0,0x0,0x0,false,0
57,4,EMPTY,EMPTY,0x0,0x0,0x0,0x0,0x0,false,0
57,5,EMPTY,EMPTY,0x0,0x0,0x0,0x0,0x0,false,0
57,6,EMPTY,EMPTY,0x0,0x0,0x0,0x0,0x0,false,0
57,7,EMPTY,EMPTY,0x0,0x0,0x0,0x0,0x0,false,0
57,8,EMPTY,EMPTY,0x0,0x0,0x0,0x0,0x0,false,0
57,9,EMPTY,EMPTY,0x0,0x0,0x0,0x0,0x0,false,0
57,10,EMPTY,EMPTY,0x0,0x0,0x0,0x0,0x0,false,0
57,11,EMPTY,EMPTY,0x0,0x0,0x0,0x0,0x0,false,0
57,12,EMPTY,EMPTY,0x0,0x0,0x0,0x0,0x0,false,0
57,13,EMPTY,EMPTY,0x0,0x0,0x0,0x0,0x0,false,0
57,14,EMPTY,EMPTY,0x0,0x0,0x0,0x0,0x0,false,0
57,15,EMPTY,EMPTY,0x0,0x0,0x0,0x0,0x0,false,0
58,0,EMPTY,EMPTY,0x0,0x0,0x0,0x0,0x0,false,0
58,1,EMPTY,EMPTY,0x0,0x0,0x0,0x0,0x0,false,0
58,2,EMPTY,EMPTY,0x0,0x0,0x0,0x0,0x0,false,0
58,3,EMPTY,EMPTY,0x0,0x0,0x0,0x0,0x0,false,0
58,4,EMPTY,EMPTY,0x0,0x0,0x0,0x0,0x0,false,0
58,5,EMPTY,EMPTY,0x0,0x0,0x0,0x0,0x0,false,0
58,6,EMPTY,EMPTY,0x0,0x0,0x0,0x0,0x0,false,0
58,7,EMPTY,EMPTY,0x0,0x0,0x0,0x0,0x0,false,0
58,8,EMPTY,EMPTY,0x0,0x0,0x0,0x0,0x0,false,0
58,9,EMPTY,EMPTY,0x0,0x0,0x0,0x0,0x0,false,0
58,10,EMPTY,EMPTY,0x0,0x0,0x0,0x0,0x0,false,0
58,11,EMPTY,EMPTY,0x0,0x0,0x0,0x0,0x0,false,0
58,12,EMPTY,EMPTY,0x0,0x0,0x0,0x0,0x0,false,0
58,13,EMPTY,EMPTY,0x0,0x0,0x0,0x0,0x0,false,0
58,14,EMPTY,EMPTY,0x0,0x0,0x0,0x0,0x0,false,0
58,15,EMPTY,EMPTY,0x0,0x0,0x0,0x0,0x0,false,0
59,0,EMPTY,EMPTY,0x0,0x0,0x0,0x0,0x0,false,0
59,1,EMPTY,EMPTY,0x0,0x0,0x0,0x0,0x0,false,0
59,2,EMPTY,EMPTY,0x0,0x0,0x0,0x0,0x0,false,0
59,3,EMPTY,EMPTY,0x0,0x0,0x0,0x0,0x0,false,0
59,4,EMPTY,EMPTY,0x0,0x0,0x0,0x0,0x0,false,0
59,5,EMPTY,EMPTY,0x0,0x0,0x0,0x0,0x0,false,0
59,6,EMPTY,EMPTY,0x0,0x0,0x0,0x0,0x0,false,0
59,7,EMPTY,EMPTY,0x0,0x0,0x0,0x0,0x0,false,0
59,8,EMPTY,EMPTY,0x0,0x0,0x0,0x0,0x0,false,0
59,9,EMPTY,EMPTY,0x0,0x0,0x0,0x0,0x0,false,0
59,10,EMPTY,EMPTY,0x0,0x0,0x0,0x0,0x0,false,0
59,11,EMPTY,EMPTY,0x0,0x0,0x0,0x0,0x0,false,0
59,12,EMPTY,EMPTY,0x0,0x0,0x0,0x0,0x0,false,0
59,13,EMPTY,EMPTY,0x0,0x0,0x0,0x0,0x0,false,0
59,14,EMPTY,EMPTY,0x0,0x0,0x0,0x0,0x0,false,0
59,15,EMPTY,EMPTY,0x0,0x0,0x0,0x0,0x0,false,0
60,0,EMPTY,EMPTY,0x0,0x0,0x0,0x0,0x0,false,0
60,1,EMPTY,EMPTY,0x0,0x0,0x0,0x0,0x0,false,0
60,2,EMPTY,EMPTY,0x0,0x0,0x0,0x0,0x0,false,0
60,3,EMPTY,EMPTY,0x0,0x0,0x0,0x0,0x0,false,0
60,4,EMPTY,EMPTY,0x0,0x0,0x0,0x0,0x0,false,0
60,5,EMPTY,EMPTY,0x0,0x0,0x0,0x0,0x0,false,0
60,6,EMPTY,EMPTY,0x0,0x0,0x0,0x0,0x0,false,0
60,7,EMPTY,EMPTY,0x0,0x0,0x0,0x0,0x0,false,0
60,8,EMPTY,EMPTY,0x0,0x0,0x0,0x0,0x0,false,0
60,9,EMPTY,EMPTY,0x0,0x0,0x0,0x0,0x0,false,0
60,10,EMPTY,EMPTY,0x0,0x0,0x0,0x0,0x0,false,0
60,11,EMPTY,EMPTY,0x0,0x0,0x0,0x0,0x0,false,0
60,12,EMPTY,EMPTY,0x0,0x0,0x0,0x0,0x0,false,0
60,13,EMPTY,EMPTY,0x0,0x0,0x0,0x0,0x0,false,0
60,14,EMPTY,EMPTY,0x0,0x0,0x0,0x0,0x0,false,0
60,15,EMPTY,EMPTY,0x0,0x0,0x0,0x0,0x0,false,0
61,0,EMPTY,EMPTY,0x0,0x0,0x0,0x0,0x0,false,0
61,1,EMPTY,EMPTY,0x0,0x0,0x0,0x0,0x0,false,0
61,2,EMPTY,EMPTY,0x0,0x0,0x0,0x0,0x0,false,0
61,3,EMPTY,EMPTY,0x0,0x0,0x0,0x0,0x0,false,0
61,4,EMPTY,EMPTY,0x0,0x0,0x0,0x0,0x0,false,0
61,5,EMPTY,EMPTY,0x0,0x0,0x0,0x0,0x0,false,0
61,6,EMPTY,EMPTY,0x0,0x0,0x0,0x0,0x0,false,0
61,7,EMPTY,EMPTY,0x0,0x0,0x0,0x0,0x0,false,0
61,8,EMPTY,EMPTY,0x0,0x0,0x0,0x0,0x0,false,0
61,9,EMPTY,EMPTY,0x0,0x0,0x0,0x0,0x0,false,0
61,10,EMPTY,EMPTY,0x0,0x0,0x0,0x0,0x0,false,0
61,11,EMPTY,EMPTY,0x0,0x0,0x0,0x0,0x0,false,0
61,12,EMPTY,EMPTY,0x0,0x0,0x0,0x0,0x0,false,0
61,13,EMPTY,EMPTY,0x0,0x0,0x0,0x0,0x0,false,0
61,14,EMPTY,EMPTY,0x0,0x0,0x0,0x0,0x0,false,0
61,15,EMPTY,EMPTY,0x0,0x0,0x0,0x0,0x0,false,0
62,0,EMPTY,EMPTY,0x0,0x0,0x0,0x0,0x0,false,0
62,1,EMPTY,EMPTY,0x0,0x0,0x0,0x0,0x0,false,0
62,2,EMPTY,EMPTY,0x0,0x0,0x0,0x0,0x0,false,0
62,3,EMPTY,EMPTY,0x0,0x0,0x0,0x0,0x0,false,0
62,4,EMPTY,EMPTY,0x0,0x0,0x0,0x0,0x0,false,0
62,5,EMPTY,EMPTY,0x0,0x0,0x0,0x0,0x0,false,0
62,6,EMPTY,EMPTY,0x0,0x0,0x0,0x0,0x0,false,0
62,7,EMPTY,EMPTY,0x0,0x0,0x0,0x0,0x0,false,0
62,8,EMPTY,EMPTY,0x0,0x0,0x0,0x0,0x0,false,0
62,9,EMPTY,EMPTY,0x0,0x0,0x0,0x0,0x0,false,0
62,10,EMPTY,EMPTY,0x0,0x0,0x0,0x0,0x0,false,0
62,11,EMPTY,EMPTY,0x0,0x0,0x0,0x0,0x0,false,0
62,12,EMPTY,EMPTY,0x0,0x0,0x0,0x0,0x0,false,0
62,13,EMPTY,EMPTY,0x0,0x0,0x0,0x0,0x0,false,0
62,14,EMPTY,EMPTY,0x0,0x0,0x0,0x0,0x0,false,0
62,15,EMPTY,EMPTY,0x0,0x0,0x0,0x0,0x0,false,0
63,0,EMPTY,EMPTY,0x0,0x0,0x0,0x0,0x0,false,0
63,1,EMPTY,EMPTY,0x0,0x0,0x0,0x0,0x0,false,0
63,2,EMPTY,EMPTY,0x0,0x0,0x0,0x0,0x0,false,0
63,3,EMPTY,EMPTY,0x0,0x0,0x0,0x0,0x0,false,0
63,4,EMPTY,EMPTY,0x0,0x0,0x0,0x0,0x0,false,0
63,5,EMPTY,EMPTY,0x0,0x0,0x0,0x0,0x0,false,0
63,6,EMPTY,EMPTY,0x0,0x0,0x0,0x0,0x0,false,0
63,7,EMPTY,EMPTY,0x0,0x0,0x0,0x0,0x0,false,0
63,8,EMPTY,EMPTY,0x0,0x0,0x0,0x0,0x0,false,0
63,9,EMPTY,EMPTY,0x0,0x0,0x0,0x0,0x0,false,0
63,10,EMPTY,EMPTY,0x0,0x0,0x0,0x0,0x0,false,0
63,11,EMPTY,EMPTY,0x0,0x0,0x0,0x0,0x0,false,0
63,12,EMPTY,EMPTY,0x0,0x0,0x0,0x0,0x0,false,0
63,13,EMPTY,EMPTY,0x0,0x0,0x0,0x0,0x0,false,0
63,14,EMPTY,EMPTY,0x0,0x0,0x0,0x0,0x0,false,0
63,15,EMPTY,EMPTY,0x0,0x0,0x0,0x0,0x0,false,0
64,0,EMPTY,EMPTY,0x0,0x0,0x0,0x0,0x0,false,0
64,1,EMPTY,EMPTY,0x0,0x0,0x0,0x0,0x0,false,0
64,2,EMPTY,EMPTY,0x0,0x0,0x0,0x0,0x0,false,0
64,3,EMPTY,EMPTY,0x0,0x0,0x0,0x0,0x0,false,0
64,4,EMPTY,EMPTY,0x0,0x0,0x0,0x0,0x0,false,0
64,5,EMPTY,EMPTY,0x0,0x0,0x0,0x0,0x0,false,0
64,6,EMPTY,EMPTY,0x0,0x0,0x0,0x0,0x0,false,0
64,7,EMPTY,EMPTY,0x0,0x0,0x0,0x0,0x0,false,0
64,8,EMPTY,EMPTY,0x0,0x0,0x0,0x0,0x0,false,0
64,9,EMPTY,EMPTY,0x0,0x0,0x0,0x0,0x0,false,0
64,10,EMPTY,EMPTY,0x0,0x0,0x0,0x0,0x0,false,0
64,11,EMPTY,EMPTY,0x0,0x0,0x0,0x0,0x0,false,0
64,12,EMPTY,EMPTY,0x0,0x0,0x0,0x0,0x0,false,0
64,13,EMPTY,EMPTY,0x0,0x0,0x0,0x0,0x0,false,0
64,14,EMPTY,EMPTY,0x0,0x0,0x0,0x0,0x0,false,0
64,15,EMPTY,EMPTY,0x0,0x0,0x0,0x0,0x0,false,0
65,0,EMPTY,EMPTY,0x0,0x0,0x0,0x0,0x0,false,0
65,1,EMPTY,EMPTY,0x0,0x0,0x0,0x0,0x0,false,0
65,2,EMPTY,EMPTY,0x0,0x0,0x0,0x0,0x0,false,0
65,3,EMPTY,EMPTY,0x0,0x0,0x0,0x0,0x0,false,0
65,4,EMPTY,EMPTY,0x0,0x0,0x0,0x0,0x0,false,0
65,5,EMPTY,EMPTY,0x0,0x0,0x0,0x0,0x0,false,0
65,6,EMPTY,EMPTY,0x0,0x0,0x0,0x0,0x0,false,0
65,7,EMPTY,EMPTY,0x0,0x0,0x0,0x0,0x0,false,0
65,8,EMPTY,EMPTY,0x0,0x0,0x0,0x0,0x0,false,0
65,9,EMPTY,EMPTY,0x0,0x0,0x0,0x0,0x0,false,0
65,10,EMPTY,EMPTY,0x0,0x0,0x0,0x0,0x0,false,0
65,11,EMPTY,EMPTY,0x0,0x0,0x0,0x0,0x0,false,0
65,12,EMPTY,EMPTY,0x0,0x0,0x0,0x0,0x0,false,0
65,13,EMPTY,EMPTY,0x0,0x0,0x0,0x0,0x0,false,0
65,14,EMPTY,EMPTY,0x0,0x0,0x0,0x0,0x0,false,0
65,15,EMPTY,EMPTY,0x0,0x0,0x0,0x0,0x0,false,0
66,0,EMPTY,EMPTY,0x0,0x0,0x0,0x0,0x0,false,0
66,1,EMPTY,EMPTY,0x0,0x0,0x0,0x0,0x0,false,0
66,2,EMPTY,EMPTY,0x0,0x0,0x0,0x0,0x0,false,0
66,3,EMPTY,EMPTY,0x0,0x0,0x0,0x0,0x0,false,0
66,4,EMPTY,EMPTY,0x0,0x0,0x0,0x0,0x0,false,0
66,5,EMPTY,EMPTY,0x0,0x0,0x0,0x0,0x0,false,0
66,6,EMPTY,EMPTY,0x0,0x0,0x0,0x0,0x0,false,0
66,7,EMPTY,EMPTY,0x0,0x0,0x0,0x0,0x0,false,0
66,8,EMPTY,EMPTY,0x0,0x0,0x0,0x0,0x0,false,0
66,9,EMPTY,EMPTY,0x0,0x0,0x0,0x0,0x0,false,0
66,10,EMPTY,EMPTY,0x0,0x0,0x0,0x0,0x0,false,0
66,11,EMPTY,EMPTY,0x0,0x0,0x0,0x0,0x0,false,0
66,12,EMPTY,EMPTY,0x0,0x0,0x0,0x0,0x0,false,0
66,13,EMPTY,EMPTY,0x0,0x0,0x0,0x0,0x0,false,0
66,14,EMPTY,EMPTY,0x0,0x0,0x0,0x0,0x0,false,0
66,15,EMPTY,EMPTY,0x0,0x0,0x0,0x0,0x0,false,0
67,0,EMPTY,EMPTY,0x0,0x0,0x0,0x0,0x0,false,0
67,1,EMPTY,EMPTY,0x0,0x0,0x0,0x0,0x0,false,0
67,2,EMPTY,EMPTY,0x0,0x0,0x0,0x0,0x0,false,0
67,3,EMPTY,EMPTY,0x0,0x0,0x0,0x0,0x0,false,0
67,4,EMPTY,EMPTY,0x0,0x0,0x0,0x0,0x0,false,0
67,5,EMPTY,EMPTY,0x0,0x0,0x0,0x0,0x0,false,0
67,6,EMPTY,EMPTY,0x0,0x0,0x0,0x0,0x0,false,0
67,7,EMPTY,EMPTY,0x0,0x0,0x0,0x0,0x0,false,0
67,8,EMPTY,EMPTY,0x0,0x0,0x0,0x0,0x0,false,0
67,9,EMPTY,EMPTY,0x0,0x0,0x0,0x0,0x0,false,0
67,10,EMPTY,EMPTY,0x0,0x0,0x0,0x0,0x0,false,0
67,11,EMPTY,EMPTY,0x0,0x0,0x0,0x0,0x0,false,0
67,12,EMPTY,EMPTY,0x0,0x0,0x0,0x0,0x0,false,0
67,13,EMPTY,EMPTY,0x0,0x0,0x0,0x0,0x0,false,0
67,14,EMPTY,EMPTY,0x0,0x0,0x0,0x0,0x0,false,0
67,15,EMPTY,EMPTY,0x0,0x0,0x0,0x0,0x0,false,0
68,0,EMPTY,EMPTY,0x0,0x0,0x0,0x0,0x0,false,0
68,1,EMPTY,EMPTY,0x0,0x0,0x0,0x0,0x0,false,0
68,2,EMPTY,EMPTY,0x0,0x0,0x0,0x0,0x0,false,0
68,3,EMPTY,EMPTY,0x0,0x0,0x0,0x0,0x0,false,0
68,4,EMPTY,EMPTY,0x0,0x0,0x0,0x0,0x0,false,0
68,5,EMPTY,EMPTY,0x0,0x0,0x0,0x0,0x0,false,0
68,6,EMPTY,EMPTY,0x0,0x0,0x0,0x0,0x0,false,0
68,7,EMPTY,EMPTY,0x0,0x0,0x0,0x0,0x0,false,0
68,8,EMPTY,EMPTY,0x0,0x0,0x0,0x0,0x0,false,0
68,9,EMPTY,EMPTY,0x0,0x0,0x0,0x0,0x0,false,0
68,10,EMPTY,EMPTY,0x0,0x0,0x0,0x0,0x0,false,0
68,11,EMPTY,EMPTY,0x0,0x0,0x0,0x0,0x0,false,0
68,12,EMPTY,EMPTY,0x0,0x0,0x0,0x0,0x0,false,0
68,13,EMPTY,EMPTY,0x0,0x0,0x0,0x0,0x0,false,0
68,14,EMPTY,EMPTY,0x0,0x0,0x0,0x0,0x0,false,0
68,15,EMPTY,EMPTY,0x0,0x0,0x0,0x0,0x0,false,0
69,0,EMPTY,EMPTY,0x0,0x0,0x0,0x0,0x0,false,0
69,1,EMPTY,EMPTY,0x0,0x0,0x0,0x0,0x0,false,0
69,2,EMPTY,EMPTY,0x0,0x0,0x0,0x0,0x0,false,0
69,3,EMPTY,EMPTY,0x0,0x0,0x0,0x0,0x0,false,0
69,4,EMPTY,EMPTY,0x0,0x0,0x0,0x0,0x0,false,0
69,5,EMPTY,EMPTY,0x0,0x0,0x0,0x0,0x0,false,0
69,6,EMPTY,EMPTY,0x0,0x0,0x0,0x0,0x0,false,0
69,7,EMPTY,EMPTY,0x0,0x0,0x0,0x0,0x0,false,0
69,8,EMPTY,EMPTY,0x0,0x0,0x0,0x0,0x0,false,0
69,9,EMPTY,EMPTY,0x0,0x0,0x0,0x0,0x0,false,0
69,10,EMPTY,EMPTY,0x0,0x0,0x0,0x0,0x0,false,0
69,11,EMPTY,EMPTY,0x0,0x0,0x0,0x0,0x0,false,0
69,12,EMPTY,EMPTY,0x0,0x0,0x0,0x0,0x0,false,0
69,13,EMPTY,EMPTY,0x0,0x0,0x0,0x0,0x0,false,0
69,14,EMPTY,EMPTY,0x0,0x0,0x0,0x0,0x0,false,0
69,15,EMPTY,EMPTY,0x0,0x0,0x0,0x0,0x0,false,0
70,0,EMPTY,EMPTY,0x0,0x0,0x0,0x0,0x0,false,0
70,1,EMPTY,EMPTY,0x0,0x0,0x0,0x0,0x0,false,0
70,2,EMPTY,EMPTY,0x0,0x0,0x0,0x0,0x0,false,0
70,3,EMPTY,EMPTY,0x0,0x0,0x0,0x0,0x0,false,0
70,4,EMPTY,EMPTY,0x0,0x0,0x0,0x0,0x0,false,0
70,5,EMPTY,EMPTY,0x0,0x0,0x0,0x0,0x0,false,0
70,6,EMPTY,EMPTY,0x0,0x0,0x0,0x0,0x0,false,0
70,7,EMPTY,EMPTY,0x0,0x0,0x0,0x0,0x0,false,0
70,8,EMPTY,EMPTY,0x0,0x0,0x0,0x0,0x0,false,0
70,9,EMPTY,EMPTY,0x0,0x0,0x0,0x0,0x0,false,0
70,10,EMPTY,EMPTY,0x0,0x0,0x0,0x0,0x0,false,0
70,11,EMPTY,EMPTY,0x0,0x0,0x0,0x0,0x0,false,0
70,12,EMPTY,EMPTY,0x0,0x0,0x0,0x0,0x0,false,0
70,13,EMPTY,EMPTY,0x0,0x0,0x0,0x0,0x0,false,0
70,14,EMPTY,EMPTY,0x0,0x0,0x0,0x0,0x0,false,0
70,15,EMPTY,EMPTY,0x0,0x0,0x0,0x0,0x0,false,0
71,0,EMPTY,EMPTY,0x0,0x0,0x0,0x0,0x0,false,0
71,1,EMPTY,EMPTY,0x0,0x0,0x0,0x0,0x0,false,0
71,2,EMPTY,EMPTY,0x0,0x0,0x0,0x0,0x0,false,0
71,3,EMPTY,EMPTY,0x0,0x0,0x0,0x0,0x0,false,0
71,4,EMPTY,EMPTY,0x0,0x0,0x0,0x0,0x0,false,0
71,5,EMPTY,EMPTY,0x0,0x0,0x0,0x0,0x0,false,0
71,6,EMPTY,EMPTY,0x0,0x0,0x0,0x0,0x0,false,0
71,7,EMPTY,EMPTY,0x0,0x0,0x0,0x0,0x0,false,0
71,8,EMPTY,EMPTY,0x0,0x0,0x0,0x0,0x0,false,0
71,9,EMPTY,EMPTY,0x0,0x0,0x0,0x0,0x0,false,0
71,10,EMPTY,EMPTY,0x0,0x0,0x0,0x0,0x0,false,0
71,11,EMPTY,EMPTY,0x0,0x0,0x0,0x0,0x0,false,0
71,12,EMPTY,EMPTY,0x0,0x0,0x0,0x0,0x0,false,0
71,13,EMPTY,EMPTY,0x0,0x0,0x0,0x0,0x0,false,0
71,14,EMPTY,EMPTY,0x0,0x0,0x0,0x0,0x0,false,0
71,15,EMPTY,EMPTY,0x0,0x0,0x0,0x0,0x0,false,0
72,0,EMPTY,EMPTY,0x0,0x0,0x0,0x0,0x0,false,0
72,1,EMPTY,EMPTY,0x0,0x0,0x0,0x0,0x0,false,0
72,2,EMPTY,EMPTY,0x0,0x0,0x0,0x0,0x0,false,0
72,3,EMPTY,EMPTY,0x0,0x0,0x0,0x0,0x0,false,0
72,4,EMPTY,EMPTY,0x0,0x0,0x0,0x0,0x0,false,0
72,5,EMPTY,EMPTY,0x0,0x0,0x0,0x0,0x0,false,0
72,6,EMPTY,EMPTY,0x0,0x0,0x0,0x0,0x0,false,0
72,7,EMPTY,EMPTY,0x0,0x0,0x0,0x0,0x0,false,0
72,8,EMPTY,EMPTY,0x0,0x0,0x0,0x0,0x0,false,0
72,9,EMPTY,EMPTY,0x0,0x0,0x0,0x0,0x0,false,0
72,10,EMPTY,EMPTY,0x0,0x0,0x0,0x0,0x0,false,0
72,11,EMPTY,EMPTY,0x0,0x0,0x0,0x0,0x0,false,0
72,12,EMPTY,EMPTY,0x0,0x0,0x0,0x0,0x0,false,0
72,13,EMPTY,EMPTY,0x0,0x0,0x0,0x0,0x0,false,0
72,14,EMPTY,EMPTY,0x0,0x0,0x0,0x0,0x0,false,0
72,15,EMPTY,EMPTY,0x0,0x0,0x0,0x0,0x0,false,0
73,0,EMPTY,EMPTY,0x0,0x0,0x0,0x0,0x0,false,0
73,1,EMPTY,EMPTY,0x0,0x0,0x0,0x0,0x0,false,0
73,2,EMPTY,EMPTY,0x0,0x0,0x0,0x0,0x0,false,0
73,3,EMPTY,EMPTY,0x0,0x0,0x0,0x0,0x0,false,0
73,4,EMPTY,EMPTY,0x0,0x0,0x0,0x0,0x0,false,0
73,5,EMPTY,EMPTY,0x0,0x0,0x0,0x0,0x0,false,0
73,6,EMPTY,EMPTY,0x0,0x0,0x0,0x0,0x0,false,0
73,7,EMPTY,EMPTY,0x0,0x0,0x0,0x0,0x0,false,0
73,8,EMPTY,EMPTY,0x0,0x0,0x0,0x0,0x0,false,0
73,9,EMPTY,EMPTY,0x0,0x0,0x0,0x0,0x0,false,0
73,10,EMPTY,EMPTY,0x0,0x0,0x0,0x0,0x0,false,0
73,11,EMPTY,EMPTY,0x0,0x0,0x0,0x0,0x0,false,0
73,12,EMPTY,EMPTY,0x0,0x0,0x0,0x0,0x0,false,0
73,13,EMPTY,EMPTY,0x0,0x0,0x0,0x0,0x0,false,0
73,14,EMPTY,EMPTY,0x0,0x0,0x0,0x0,0x0,false,0
73,15,EMPTY,EMPTY,0x0,0x0,0x0,0x0,0x0,false,0
74,0,EMPTY,EMPTY,0x0,0x0,0x0,0x0,0x0,false,0
74,1,EMPTY,EMPTY,0x0,0x0,0x0,0x0,0x0,false,0
74,2,EMPTY,EMPTY,0x0,0x0,0x0,0x0,0x0,false,0
74,3,EMPTY,EMPTY,0x0,0x0,0x0,0x0,0x0,false,0
74,4,EMPTY,EMPTY,0x0,0x0,0x0,0x0,0x0,false,0
74,5,EMPTY,EMPTY,0x0,0x0,0x0,0x0,0x0,false,0
74,6,EMPTY,EMPTY,0x0,0x0,0x0,0x0,0x0,false,0
74,7,EMPTY,EMPTY,0x0,0x0,0x0,0x0,0x0,false,0
74,8,EMPTY,EMPTY,0x0,0x0,0x0,0x0,0x0,false,0
74,9,EMPTY,EMPTY,0x0,0x0,0x0,0x0,0x0,false,0
74,10,EMPTY,EMPTY,0x0,0x0,0x0,0x0,0x0,false,0
74,11,EMPTY,EMPTY,0x0,0x0,0x0,0x0,0x0,false,0
74,12,EMPTY,EMPTY,0x0,0x0,0x0,0x0,0x0,false,0
74,13,EMPTY,EMPTY,0x0,0x0,0x0,0x0,0x0,false,0
74,14,EMPTY,EMPTY,0x0,0x0,0x0,0x0,0x0,false,0
74,15,EMPTY,EMPTY,0x0,0x0,0x0,0x0,0x0,false,0
75,0,EMPTY,EMPTY,0x0,0x0,0x0,0x0,0x0,false,0
75,1,EMPTY,EMPTY,0x0,0x0,0x0,0x0,0x0,false,0
75,2,EMPTY,EMPTY,0x0,0x0,0x0,0x0,0x0,false,0
75,3,EMPTY,EMPTY,0x0,0x0,0x0,0x0,0x0,false,0
75,4,EMPTY,EMPTY,0x0,0x0,0x0,0x0,0x0,false,0
75,5,EMPTY,EMPTY,0x0,0x0,0x0,0x0,0x0,false,0
75,6,EMPTY,EMPTY,0x0,0x0,0x0,0x0,0x0,false,0
75,7,EMPTY,EMPTY,0x0,0x0,0x0,0x0,0x0,false,0
75,8,EMPTY,EMPTY,0x0,0x0,0x0,0x0,0x0,false,0
75,9,EMPTY,EMPTY,0x0,0x0,0x0,0x0,0x0,false,0
75,10,EMPTY,EMPTY,0x0,0x0,0x0,0x0,0x0,false,0
75,11,EMPTY,EMPTY,0x0,0x0,0x0,0x0,0x0,false,0
75,12,EMPTY,EMPTY,0x0,0x0,0x0,0x0,0x0,false,0
75,13,EMPTY,EMPTY,0x0,0x0,0x0,0x0,0x0,false,0
75,14,EMPTY,EMPTY,0x0,0x0,0x0,0x0,0x0,false,0
75,15,EMPTY,EMPTY,0x0,0x0,0x0,0x0,0x0,false,0
76,0,EMPTY,EMPTY,0x0,0x0,0x0,0x0,0x0,false,0
76,1,EMPTY,EMPTY,0x0,0x0,0x0,0x0,0x0,false,0
76,2,EMPTY,EMPTY,0x0,0x0,0x0,0x0,0x0,false,0
76,3,EMPTY,EMPTY,0x0,0x0,0x0,0x0,0x0,false,0
76,4,EMPTY,EMPTY,0x0,0x0,0x0,0x0,0x0,false,0
76,5,EMPTY,EMPTY,0x0,0x0,0x0,0x0,0x0,false,0
76,6,EMPTY,EMPTY,0x0,0x0,0x0,0x0,0x0,false,0
76,7,EMPTY,EMPTY,0x0,0x0,0x0,0x0,0x0,false,0
76,8,EMPTY,EMPTY,0x0,0x0,0x0,0x0,0x0,false,0
76,9,EMPTY,EMPTY,0x0,0x0,0x0,0x0,0x0,false,0
76,10,EMPTY,EMPTY,0x0,0x0,0x0,0x0,0x0,false,0
76,11,EMPTY,EMPTY,0x0,0x0,0x0,0x0,0x0,false,0
76,12,EMPTY,EMPTY,0x0,0x0,0x0,0x0,0x0,false,0
76,13,EMPTY,EMPTY,0x0,0x0,0x0,0x0,0x0,false,0
76,14,EMPTY,EMPTY,0x0,0x0,0x0,0x0,0x0,false,0
76,15,EMPTY,EMPTY,0x0,0x0,0x0,0x0,0x0,false,0
77,0,EMPTY,EMPTY,0x0,0x0,0x0,0x0,0x0,false,0
77,1,EMPTY,EMPTY,0x0,0x0,0x0,0x0,0x0,false,0
77,2,EMPTY,EMPTY,0x0,0x0,0x0,0x0,0x0,false,0
77,3,EMPTY,EMPTY,0x0,0x0,0x0,0x0,0x0,false,0
77,4,EMPTY,EMPTY,0x0,0x0,0x0,0x0,0x0,false,0
77,5,EMPTY,EMPTY,0x0,0x0,0x0,0x0,0x0,false,0
77,6,EMPTY,EMPTY,0x0,0x0,0x0,0x0,0x0,false,0
77,7,EMPTY,EMPTY,0x0,0x0,0x0,0x0,0x0,false,0
77,8,EMPTY,EMPTY,0x0,0x0,0x0,0x0,0x0,false,0
77,9,EMPTY,EMPTY,0x0,0x0,0x0,0x0,0x0,false,0
77,10,EMPTY,EMPTY,0x0,0x0,0x0,0x0,0x0,false,0
77,11,EMPTY,EMPTY,0x0,0x0,0x0,0x0,0x0,false,0
77,12,EMPTY,EMPTY,0x0,0x0,0x0,0x0,0x0,false,0
77,13,EMPTY,EMPTY,0x0,0x0,0x0,0x0,0x0,false,0
77,14,EMPTY,EMPTY,0x0,0x0,0x0,0x0,0x0,false,0
77,15,EMPTY,EMPTY,0x0,0x0,0x0,0x0,0x0,false,0
78,0,EMPTY,EMPTY,0x0,0x0,0x0,0x0,0x0,false,0
78,1,EMPTY,EMPTY,0x0,0x0,0x0,0x0,0x0,false,0
78,2,EMPTY,EMPTY,0x0,0x0,0x0,0x0,0x0,false,0
78,3,EMPTY,EMPTY,0x0,0x0,0x0,0x0,0x0,false,0
78,4,EMPTY,EMPTY,0x0,0x0,0x0,0x0,0x0,false,0
78,5,EMPTY,EMPTY,0x0,0x0,0x0,0x0,0x0,false,0
78,6,EMPTY,EMPTY,0x0,0x0,0x0,0x0,0x0,false,0
78,7,EMPTY,EMPTY,0x0,0x0,0x0,0x0,0x0,false,0
78,8,EMPTY,EMPTY,0x0,0x0,0x0,0x0,0x0,false,0
78,9,EMPTY,EMPTY,0x0,0x0,0x0,0x0,0x0,false,0
78,10,EMPTY,EMPTY,0x0,0x0,0x0,0x0,0x0,false,0
78,11,EMPTY,EMPTY,0x0,0x0,0x0,0x0,0x0,false,0
78,12,EMPTY,EMPTY,0x0,0x0,0x0,0x0,0x0,false,0
78,13,EMPTY,EMPTY,0x0,0x0,0x0,0x0,0x0,false,0
78,14,EMPTY,EMPTY,0x0,0x0,0x0,0x0,0x0,false,0
78,15,EMPTY,EMPTY,0x0,0x0,0x0,0x0,0x0,false,0
79,0,EMPTY,EMPTY,0x0,0x0,0x0,0x0,0x0,false,0
79,1,EMPTY,EMPTY,0x0,0x0,0x0,0x0,0x0,false,0
79,2,EMPTY,EMPTY,0x0,0x0,0x0,0x0,0x0,false,0
79,3,EMPTY,EMPTY,0x0,0x0,0x0,0x0,0x0,false,0
79,4,EMPTY,EMPTY,0x0,0x0,0x0,0x0,0x0,false,0
79,5,EMPTY,EMPTY,0x0,0x0,0x0,0x0,0x0,false,0
79,6,EMPTY,EMPTY,0x0,0x0,0x0,0x0,0x0,false,0
79,7,EMPTY,EMPTY,0x0,0x0,0x0,0x0,0x0,false,0
79,8,EMPTY,EMPTY,0x0,0x0,0x0,0x0,0x0,false,0
79,9,EMPTY,EMPTY,0x0,0x0,0x0,0x0,0x0,false,0
79,10,EMPTY,EMPTY,0x0,0x0,0x0,0x0,0x0,false,0
79,11,EMPTY,EMPTY,0x0,0x0,0x0,0x0,0x0,false,0
79,12,EMPTY,EMPTY,0x0,0x0,0x0,0x0,0x0,false,0
79,13,EMPTY,EMPTY,0x0,0x0,0x0,0x0,0x0,false,0
79,14,EMPTY,EMPTY,0x0,0x0,0x0,0x0,0x0,false,0
79,15,EMPTY,EMPTY,0x0,0x0,0x0,0x0,0x0,false,0
80,0,EMPTY,EMPTY,0x0,0x0,0x0,0x0,0x0,false,0
80,1,EMPTY,EMPTY,0x0,0x0,0x0,0x0,0x0,false,0
80,2,EMPTY,EMPTY,0x0,0x0,0x0,0x0,0x0,false,0
80,3,EMPTY,EMPTY,0x0,0x0,0x0,0x0,0x0,false,0
80,4,EMPTY,EMPTY,0x0,0x0,0x0,0x0,0x0,false,0
80,5,EMPTY,EMPTY,0x0,0x0,0x0,0x0,0x0,false,0
80,6,EMPTY,EMPTY,0x0,0x0,0x0,0x0,0x0,false,0
80,7,EMPTY,EMPTY,0x0,0x0,0x0,0x0,0x0,false,0
80,8,EMPTY,EMPTY,0x0,0x0,0x0,0x0,0x0,false,0
80,9,EMPTY,EMPTY,0x0,0x0,0x0,0x0,0x0,false,0
80,10,EMPTY,EMPTY,0x0,0x0,0x0,0x0,0x0,false,0
80,11,EMPTY,EMPTY,0x0,0x0,0x0,0x0,0x0,false,0
80,12,EMPTY,EMPTY,0x0,0x0,0x0,0x0,0x0,false,0
80,13,EMPTY,EMPTY,0x0,0x0,0x0,0x0,0x0,false,0
80,14,EMPTY,EMPTY,0x0,0x0,0x0,0x0,0x0,false,0
80,15,EMPTY,EMPTY,0x0,0x0,0x0,0x0,0x0,false,0
